pdbid,mmtype,mmclass,reso,bulgeid,gap,bulge_num,seq,chid1,chid2,seq_short1,seq_short2,seq_long1,seq_long2,modify,abg_seq1,abg_seq2,dotbra_1,dotbra_2,RMSD1,RMSD2,alpha_h,beta_h,gamma_h
1a9l,RNA,RNA,null,1a9l_0_3,H1,3,AUA,A,A,,AUA,,"A.A30,A.U31,A.A32",,A.5:8,A.28:34,'((((','))...))',0.94,1.2,17.0,152.0,27.3
1a9l,RNA,RNA,null,1a9l_1_3,H1,3,AGA,A,A,AGA,,"A.A11,A.G12,A.A13",,,A.9:15,A.24:27,'((...((','))))',1.11,0.88,72.7,143.2,87.2
1ag3,DNA,DNA,null,1ag3_0_2,H1,2,gC,A,B,gC,,"A.P4,A.DC5",,A.P/4,A.2:7,B.16:19,'((..((','))))',1.06,1.04,-24.5,52.9,-13.8
1ag5,DNA,DNA,null,1ag5_0_1,H1,1,A,A,B,,A,,B.DA16,A.X/6,A.4:7,B.14:18,'((((',')).))',1.25,1.57,13.7,40.0,-11.9
1aju,RNA,RNA,null,1aju_0_2,H1,2,UU,A,A,UU,,"A.U23,A.U25",,,A.21:27,A.38:41,'((..((','))))',1.17,1.12,-65.6,36.4,46.6
1akx,RNA,RNA,null,1akx_0_2,H1,2,UU,A,A,UU,,"A.U23,A.U25",,,A.21:27,A.38:41,'((..((','))))',1.18,1.04,-63.2,33.6,53.1
1aqo,RNA,RNA,null,1aqo_0_1,H1,1,C,A,A,C,,A.C7,,,A.5:9,A.22:25,'((.((','))))',1.42,1.18,22.3,16.2,-51.2
1arj,RNA,RNA,null,1arj_0_3,H1,3,UCU,N,N,UCU,,"N.U23,N.C24,N.U25",,,N.21:27,N.38:41,'((...((','))))',0.81,1.03,-77.4,-14.9,44.2
1ax6,DNA,DNA,null,1ax6_0_2,H1,2,CG,A,B,CG,,"A.DC6,A.DG7",,,A.4:9,B.16:19,'((..((','))))',1.95,2.01,7.6,14.2,-27.0
1axl,DNA,DNA,null,1axl_0_1,H1,1,G,A,B,G,,A.DG6,,,A.4:8,B.15:18,'((.((','))))',1.71,1.3,13.5,25.8,-14.3
1bgz,RNA,RNA,null,1bgz_0_1,H1,1,A,A,A,,A,,A.A17,,A.7:10,A.15:19,'((((',')).))',0.88,0.72,-19.4,15.7,-4.1
1bgz,RNA,RNA,null,1bgz_1_2,H1,2,UA,A,A,UA,,"A.U5,A.A6",,,A.3:8,A.18:21,'((..((','))))',0.68,0.72,-27.2,53.6,0.9
1bvj,RNA,RNA,null,1bvj_0_1,H1,1,C,A,A,C,,A.C6,,,A.4:8,A.17:20,'((.((','))))',0.7,1.41,-20.2,23.3,11.9
1d0t,RNA,RNA,null,1d0t_0_1,H1,1,a,A,A,a,,A.SRA7,,"A.SRA/7,A.SRA/17",A.5:9,A.14:17,'((.((','))))',0.58,0.97,4.4,12.3,-19.1
1d0u,RNA,RNA,null,1d0u_0_1,H1,1,A,A,A,A,,A.A7,,,A.5:9,A.14:17,'((.((','))))',0.71,1.08,45.4,22.9,-59.9
1ebr,RNA,RNA,null,1ebr_0_1,H1,1,A,A,A,,A,,A.A21,,A.7:10,A.19:23,'((((',')).))',0.66,1.25,55.1,-14.8,-79.2
1etf,Protein#RNA,Viral protein/RNA,null,1etf_0_1,H1,1,A,A,A,,A,,A.A68,,A.49:52,A.66:70,'((((',')).))',0.46,0.93,11.2,11.3,-14.3
1etg,Protein#RNA,Viral protein/RNA,null,1etg_0_1,H1,1,A,A,A,,A,,A.A68,,A.49:52,A.66:70,'((((',')).))',0.81,1.31,31.9,10.1,-42.0
1exy,Protein#RNA,RNA BINDING PROTEIN/RNA,null,1exy_0_2,H1,2,UA,A,A,,UA,,"A.U26,A.A27",,A.4:7,A.24:29,'((((','))..))',1.37,0.99,-55.5,48.2,36.0
1exy,Protein#RNA,RNA BINDING PROTEIN/RNA,null,1exy_1_2,H1,2,GA,A,A,,GA,,"A.G21,A.A22",,A.7:10,A.19:24,'((((','))..))',1.38,1.35,-59.7,18.8,27.1
1f6x,RNA,RNA,null,1f6x_0_1,H1,1,U,A,A,U,,A.U6,,,A.4:8,A.21:24,'((.((','))))',0.67,0.75,-35.4,-7.8,13.6
1f6z,RNA,RNA,null,1f6z_0_1,H1,1,U,A,A,U,,A.U7,,,A.5:9,A.20:23,'((.((','))))',0.8,0.61,-54.8,-24.1,43.3
1f78,RNA,RNA,null,1f78_0_1,H1,1,U,A,A,U,,A.U6,,,A.4:8,A.21:24,'((.((','))))',0.71,0.91,-44.9,-26.0,19.4
1f79,RNA,RNA,null,1f79_0_1,H1,1,U,A,A,U,,A.U7,,,A.5:9,A.20:23,'((.((','))))',0.74,0.74,-53.2,-23.9,46.6
1f7f,RNA,RNA,null,1f7f_0_1,H1,1,U,A,A,U,,A.U6,,,A.4:8,A.21:24,'((.((','))))',0.75,0.62,0.2,-3.5,-22.5
1f7g,RNA,RNA,null,1f7g_0_1,H1,1,U,A,A,U,,A.U7,,,A.5:9,A.20:23,'((.((','))))',0.79,1.19,-47.6,-25.4,41.0
1f7h,RNA,RNA,null,1f7h_0_1,H1,1,U,A,A,U,,A.U6,,,A.4:8,A.21:24,'((.((','))))',0.78,1.85,-41.3,-24.4,25.6
1f7i,RNA,RNA,null,1f7i_0_1,H1,1,U,A,A,U,,A.U7,,,A.5:9,A.20:23,'((.((','))))',0.72,0.59,-64.9,-11.4,61.4
1g70,Protein#RNA,VIRAL PROTEIN/RNA,null,1g70_0_1,H1,1,A,A,A,,A,,A.A68,,A.49:52,A.66:70,'((((',')).))',1.16,1.36,31.3,6.1,-40.8
1i9f,Protein#RNA,DE-NOVO PROTEIN/RNA,null,1i9f_0_1,H1,1,A,A,A,,A,,A.A23,,A.9:12,A.21:25,'((((',')).))',0.64,1.28,-32.4,9.3,29.4
1jox,RNA,RNA,null,1jox_0_1,H1,1,U,A,A,U,,A.U6,,,A.4:8,A.15:18,'((.((','))))',1.12,0.91,15.6,-21.7,-34.3
1jp0,RNA,RNA,null,1jp0_0_1,H1,1,U,A,A,U,,A.U6,,,A.4:8,A.15:18,'((.((','))))',1.26,1.06,-71.9,-7.7,64.3
1jrv,DNA,DNA,null,1jrv_0_5,H1,5,AATAA,A,B,AATAA,,"A.DA7,A.DA8,A.DT9,A.DA10,A.DA11",,,A.5:13,B.22:25,'((.....((','))))',1.18,1.32,13.9,88.1,-85.8
1jrw,DNA,DNA,null,1jrw_0_5,H1,5,AATAA,A,B,AATAA,,"A.DA7,A.DA8,A.DT9,A.DA10,A.DA11",,,A.5:13,B.22:25,'((.....((','))))',1.21,1.27,15.0,90.4,-80.8
1js5,DNA,DNA,null,1js5_0_5,H1,5,AAUAA,A,B,AAUAA,,"A.DA7,A.DA8,A.DU9,A.DA10,A.DA11",,A.DU/9,A.5:13,B.22:25,'((.....((','))))',1.23,1.25,7.9,72.2,-86.8
1js7,DNA,DNA,null,1js7_0_5,H1,5,AAUAA,A,B,AAUAA,,"A.DA7,A.DA8,A.DU9,A.DA10,A.DA11",,A.DU/9,A.5:13,B.22:25,'((.....((','))))',1.24,1.26,7.2,76.2,-86.6
1jur,RNA,RNA,null,1jur_0_2,H1,2,AA,A,A,,AA,,"A.A18,A.A19",,A.2:5,A.16:21,'((((','))..))',0.73,0.86,17.1,21.5,-57.6
1k29,DNA,DNA,null,1k29_0_2,H1,2,gC,A,B,gC,,"A.M1G6,A.DC7",,A.M1G/6,A.4:9,B.18:21,'((..((','))))',1.26,1.22,-11.0,36.9,-13.0
1k8s,RNA,RNA,null,1k8s_0_1,H1,1,A,A,B,A,,A.A6,,,A.4:8,B.19:22,'((.((','))))',0.62,0.68,17.6,25.7,-37.0
1kvh,DNA,DNA,null,1kvh_0_2,H1,2,AT,A,B,,AT,,"B.DA12,B.DT13",,A.4:7,B.10:15,'((((','))..))',1.18,1.25,49.9,38.8,-82.2
1l1c,Protein#RNA,TRANSCRIPTION/RNA,null,1l1c_0_2,H1,2,UA,C,C,UA,,"C.U8,C.A9",,,C.6:11,C.20:23,'((..((','))))',0.67,1.02,-31.6,34.3,-3.9
1lmv,RNA,RNA,null,1lmv_0_1,H1,1,A,A,B,,A,,B.A5,,A.4:7,B.3:7,'((((',')).))',0.56,0.63,-13.3,25.2,-1.8
1lvj,RNA,RNA,null,1lvj_0_3,H1,3,UCU,A,A,UCU,,"A.U23,A.C24,A.U25",,,A.21:27,A.38:41,'((...((','))))',0.75,0.96,1.9,58.5,-13.1
1m82,RNA,RNA,null,1m82_0_1,H1,1,U,A,A,,U,,A.U19,,A.5:8,A.17:21,'((((',')).))',0.82,0.98,-31.9,24.0,18.4
1mfk,RNA,RNA,null,1mfk_0_1,H1,1,U,A,A,U,,A.U7,,,A.5:9,A.16:19,'((.((','))))',1.08,1.37,10.7,15.3,-16.9
1nbk,RNA,RNA,null,1nbk_0_2,H1,2,UU,A,A,UU,,"A.U7,A.U8",,,A.5:10,A.27:30,'((..((','))))',0.8,1.27,-31.3,12.9,11.6
1nbk,RNA,RNA,null,1nbk_1_2,H1,2,UC,A,A,,UC,,"A.U23,A.C24",,A.11:14,A.21:26,'((((','))..))',1.03,1.04,47.2,16.0,-72.5
1nbr,RNA,RNA,null,1nbr_0_1,H1,1,C,A,A,C,,A.C7,,,A.5:9,A.22:25,'((.((','))))',1.38,0.91,-39.4,27.5,23.6
1nc0,RNA,RNA,null,1nc0_0_1,H1,1,A,A,A,,A,,A.A18,,A.5:8,A.16:20,'((((',')).))',0.57,0.85,-13.1,58.4,16.7
1p5m,RNA,RNA,null,1p5m_0_1,H1,1,U,A,A,U,,A.U6,,,A.4:8,A.49:52,'((.((','))))',1.27,1.2,-28.8,10.7,20.3
1p5m,RNA,RNA,null,1p5m_2_5,H1,5,AACUA,A,A,AACUA,,"A.A11,A.A12,A.C13,A.U14,A.A15",,,A.9:17,A.45:48,'((.....((','))))',0.52,0.62,17.9,71.5,-59.5
1p5o,RNA,RNA,null,1p5o_0_1,H1,1,U,A,A,U,,A.U6,,,A.4:8,A.71:74,'((.((','))))',1.2,1.23,-28.0,18.9,21.5
1p5o,RNA,RNA,null,1p5o_2_5,H1,5,AACUA,A,A,AACUA,,"A.A11,A.A12,A.C13,A.U14,A.A15",,,A.9:17,A.67:70,'((.....((','))))',0.7,0.74,-1.5,70.3,-57.9
1p5p,RNA,RNA,null,1p5p_0_1,H1,1,U,A,A,U,,A.U6,,,A.4:8,A.71:74,'((.((','))))',1.18,1.1,-15.0,23.3,16.2
1p5p,RNA,RNA,null,1p5p_2_5,H1,5,AACUA,A,A,AACUA,,"A.A11,A.A12,A.C13,A.U14,A.A15",,,A.9:17,A.67:70,'((.....((','))))',0.67,0.7,16.3,72.1,-61.7
1p96,DNA,DNA,null,1p96_0_2,H1,2,GT,A,B,GT,,"A.DG7,A.DT8",,,A.5:10,B.5:8,'((..((','))))',1.46,1.35,16.3,56.8,-18.2
1q8n,RNA,RNA,null,1q8n_0_3,H1,3,AAU,A,A,,AAU,,"A.A30,A.A31,A.U32",,A.5:8,A.28:34,'((((','))...))',2.41,0.86,60.9,10.9,-75.9
1qd3,RNA,RNA,null,1qd3_0_3,H1,3,UUU,A,A,UUU,,"A.U23,A.U24,A.U25",,,A.21:27,A.38:41,'((...((','))))',1.29,1.35,44.4,5.2,-68.6
1qsk,DNA,DNA,null,1qsk_0_5,H1,5,AAAAA,A,B,AAAAA,,"A.DA7,A.DA8,A.DA9,A.DA10,A.DA11",,,A.5:13,B.22:25,'((.....((','))))',1.55,1.27,4.3,48.9,-82.3
1qwa,RNA,RNA,null,1qwa_0_1,H1,1,U,A,A,,U,,A.U15,,A.5:8,A.13:17,'((((',')).))',0.94,1.09,-26.8,27.8,33.8
1r4e,DNA,DNA,null,1r4e_0_2,H1,2,GT,A,B,GT,,"A.DG7,A.DT8",,,A.5:10,B.5:8,'((..((','))))',1.15,1.18,4.2,52.9,-8.6
1r7w,RNA,RNA,null,1r7w_0_6,H1,6,AUCCCU,A,A,AUCCCU,,"A.A8,A.U9,A.C10,A.C11,A.C12,A.U13",,,A.6:15,A.26:29,'((......((','))))',0.61,0.73,68.6,81.6,11.2
1r7z,RNA,RNA,null,1r7z_0_6,H1,6,AUUCCU,A,A,AUUCCU,,"A.A8,A.U9,A.U10,A.C11,A.C12,A.U13",,,A.6:15,A.26:29,'((......((','))))',0.51,1.5,80.4,131.4,4.1
1rht,RNA,RNA,null,1rht_0_1,H1,1,A,A,A,A,,A.A8,,,A.6:10,A.15:18,'((.((','))))',1.59,1.77,-19.3,25.4,27.4
1s2f,RNA,RNA,null,1s2f_0_1,H1,1,U,A,A,U,,A.U913,,,A.911:915,A.922:925,'((.((','))))',0.67,0.86,-10.3,17.8,-2.7
1s34,RNA,RNA,null,1s34_0_1,H1,1,U,A,A,U,,A.U913,,,A.911:915,A.922:925,'((.((','))))',0.59,0.85,-3.3,15.5,-12.8
1s9s,RNA,RNA,null,1s9s_0_1,H1,1,U,A,A,U,,A.U319,,,A.317:321,A.344:347,'((.((','))))',0.47,0.84,-28.2,24.5,32.1
1s9s,RNA,RNA,null,1s9s_1_2,H1,2,AC,A,A,AC,,"A.A314,A.C315",,,A.312:317,A.347:350,'((..((','))))',0.99,0.53,4.6,24.7,-41.1
1s9s,RNA,RNA,null,1s9s_2_4,H1,4,GGAA,A,A,,GGAA,,"A.G338,A.G339,A.A340,A.A341",,A.322:325,A.336:343,'((((','))....))',0.94,0.43,17.7,79.8,-1.9
1slo,RNA,RNA,null,1slo_0_1,H1,1,A,A,A,,A,,A.A21,,A.11:14,A.19:23,'((((',')).))',0.95,0.79,-88.4,-13.3,68.6
1slp,RNA,RNA,null,1slp_0_1,H1,1,A,A,A,,A,,A.A21,,A.11:14,A.19:23,'((((',')).))',1.06,0.81,-97.3,-14.8,74.7
1tfn,RNA,RNA,null,1tfn_0_1,H1,1,A,A,A,A,,A.A8,,,A.6:10,A.15:18,'((.((','))))',1.0,1.64,23.8,18.3,-29.5
1tob,RNA,RNA,null,1tob_0_1,H1,1,A,A,A,,A,,A.A19,,A.7:10,A.17:21,'((((',')).))',1.67,1.79,-51.8,-17.5,29.2
1ttd,DNA,DNA,null,1ttd_0_1,H1,1,A,A,B,,A,,B.DA4,A.TTD/9,A.7:11,B.2:6,'((((',')).))',1.46,2.15,-45.1,63.9,21.7
1txs,RNA,RNA,null,1txs_0_2,H1,2,UA,A,A,UA,,"A.U5,A.A6",,,A.3:8,A.33:36,'((..((','))))',0.54,1.06,28.3,7.5,-55.3
1u3k,RNA,RNA,null,1u3k_0_3,H1,3,AUA,A,A,,AUA,,"A.A30,A.U31,A.A32",,A.5:8,A.28:34,'((((','))...))',0.77,0.83,-21.1,96.1,-6.9
1u3k,RNA,RNA,null,1u3k_1_3,H1,3,AGA,A,A,AGA,,"A.A11,A.G12,A.A13",,,A.9:15,A.24:27,'((...((','))))',0.96,0.79,27.0,145.2,48.6
1u6p,Protein#RNA,Viral protein/RNA,null,1u6p_0_1,H1,1,U,B,B,U,,B.U319,,,B.317:321,B.344:347,'((.((','))))',0.47,0.83,-20.7,24.0,23.8
1u6p,Protein#RNA,Viral protein/RNA,null,1u6p_1_2,H1,2,AC,B,B,AC,,"B.A314,B.C315",,,B.312:317,B.347:350,'((..((','))))',1.26,0.53,12.2,32.6,-46.2
1u6p,Protein#RNA,Viral protein/RNA,null,1u6p_2_4,H1,4,GGAA,B,B,,GGAA,,"B.G338,B.G339,B.A340,B.A341",,B.322:325,B.336:343,'((((','))....))',1.01,0.52,12.3,78.7,-1.7
1ull,Protein#RNA,Viral protein/RNA,null,1ull_0_2,H1,2,UG,A,A,,UG,,"A.U23,A.G24",,A.9:12,A.21:26,'((((','))..))',1.01,1.3,26.4,8.9,-51.0
1uts,RNA,HIV-1,null,1uts_0_3,H1,3,UCU,B,B,UCU,,"B.U23,B.C24,B.U25",,,B.21:27,B.38:41,'((...((','))))',0.74,1.09,25.2,39.8,26.1
1uud,RNA,HIV-1,null,1uud_0_3,H1,3,UCU,B,B,UCU,,"B.U23,B.C24,B.U25",,,B.21:27,B.38:41,'((...((','))))',0.95,0.85,-40.6,8.1,22.0
1uui,RNA,HIV-1,null,1uui_0_3,H1,3,UCU,B,B,UCU,,"B.U23,B.C24,B.U25",,,B.21:27,B.38:41,'((...((','))))',1.34,0.83,-32.0,26.1,25.2
1xsg,RNA,RNA,null,1xsg_0_1,H1,1,A,A,A,A,,A.A6,,,A.4:8,A.21:24,'((.((','))))',0.68,0.73,-60.2,-24.0,40.2
1xsh,RNA,RNA,null,1xsh_0_1,H1,1,U,A,A,U,,A.U7,,,A.5:9,A.20:23,'((.((','))))',0.64,0.68,42.0,5.3,-43.1
1xst,RNA,RNA,null,1xst_0_1,H1,1,A,A,A,A,,A.A6,,,A.4:8,A.21:24,'((.((','))))',0.57,0.74,-54.6,-26.0,36.1
1xsu,RNA,RNA,null,1xsu_0_1,H1,1,U,A,A,U,,A.U7,,,A.5:9,A.20:23,'((.((','))))',0.78,0.83,89.6,10.8,-90.2
1z2j,RNA,RNA,null,1z2j_0_3,H1,3,GGA,A,A,,GGA,,"A.G35,A.G36,A.A37",,A.7:10,A.33:39,'((((','))...))',0.25,0.63,5.9,67.8,-33.9
1z31,RNA,RNA,null,1z31_0_1,H1,1,C,A,A,C,,A.C262,,,A.260:264,A.293:296,'((.((','))))',1.0,1.28,-27.8,16.4,34.0
1zc5,RNA,RNA,null,1zc5_0_3,H1,3,GGA,A,A,,GGA,,"A.G33,A.G34,A.A35",,A.5:8,A.31:37,'((((','))...))',0.49,0.75,-2.2,61.1,-44.7
2a9l,RNA,RNA,null,2a9l_0_3,H1,3,AUA,A,A,,AUA,,"A.A30,A.U31,A.A32",,A.5:8,A.28:34,'((((','))...))',0.8,1.12,-6.5,134.0,6.2
2a9l,RNA,RNA,null,2a9l_1_3,H1,3,AGA,A,A,AGA,,"A.A11,A.G12,A.A13",,,A.9:15,A.24:27,'((...((','))))',0.92,0.73,68.1,144.6,93.3
2cd1,RNA,NUCLEIC ACID,null,2cd1_0_1,H1,1,U,A,A,U,,A.U6,,,A.4:8,A.21:24,'((.((','))))',0.66,0.55,-24.6,-6.4,-0.7
2cd3,RNA,NUCLEIC ACID,null,2cd3_0_1,H1,1,U,A,A,U,,A.U7,,,A.5:9,A.20:23,'((.((','))))',0.79,0.59,66.6,10.6,-67.7
2cd5,RNA,NUCLEIC ACID,null,2cd5_0_1,H1,1,U,A,A,U,,A.U6,,,A.4:8,A.21:24,'((.((','))))',0.8,0.52,-43.0,-10.9,17.1
2cd6,RNA,NUCLEIC ACID,null,2cd6_0_1,H1,1,U,A,A,U,,A.U7,,,A.5:9,A.20:23,'((.((','))))',0.85,0.76,-83.6,-12.6,80.4
2ihx,Protein#RNA,VIRAL PROTEIN/RNA,null,2ihx_0_1,H1,1,U,B,B,U,,B.U175,,,B.173:177,B.191:194,'((.((','))))',0.51,0.79,72.3,9.4,-78.9
2ixy,RNA,RNA,null,2ixy_0_1,H1,1,U,A,A,,U,,A.U23,,A.3:6,A.21:25,'((((',')).))',0.92,0.72,26.8,19.5,-30.8
2jxs,RNA,RNA,null,2jxs_0_1,H1,1,A,A,B,A,,A.A5,,,A.3:7,B.16:19,'((.((','))))',0.73,0.37,21.2,19.1,-33.7
2jym,RNA,RNA,null,2jym_0_1,H1,1,G,A,A,G,,A.G6,,,A.4:8,A.16:19,'((.((','))))',0.45,1.53,-32.0,45.2,25.1
2k3z,RNA,RNA,null,2k3z_0_1,H1,1,A,A,B,A,,A.A5,,,A.3:7,B.12:15,'((.((','))))',0.8,0.64,70.9,13.8,-95.4
2k41,RNA,RNA,null,2k41_0_1,H1,1,U,A,B,U,,A.U5,,,A.3:7,B.12:15,'((.((','))))',0.89,0.95,-79.3,-12.9,71.5
2k5z,RNA,RNA,null,2k5z_0_1,H1,1,U,A,A,,U,,A.U25,,A.3:6,A.23:27,'((((',')).))',0.68,0.5,-13.4,18.5,2.6
2k95,RNA,RNA,null,2k95_0_1,H1,1,U,A,A,,U,,A.U177,,A.111:114,A.175:179,'((((',')).))',1.06,0.88,-62.8,-25.9,54.3
2kdq,Protein#RNA,RNA binding protein/RNA,null,2kdq_0_3,H1,3,UCU,B,B,UCU,,"B.U23,B.C24,B.U25",,,B.21:27,B.38:41,'((...((','))))',0.9,0.76,-37.1,23.1,31.3
2ke6,RNA,RNA,null,2ke6_0_1,H1,1,A,A,A,,A,,A.A39,,A.8:11,A.37:41,'((((',')).))',0.82,0.88,16.5,18.2,-39.1
2ke6,RNA,RNA,null,2ke6_1_1,H1,1,C,A,A,,C,,A.C35,,A.11:14,A.33:37,'((((',')).))',1.01,1.05,-5.4,23.0,8.8
2kgp,RNA,RNA,null,2kgp_0_1,H1,1,A,A,A,A,,A.A4,,,A.2:6,A.21:24,'((.((','))))',1.16,1.17,-19.1,14.7,22.2
2kmj,Protein#RNA,RNA/PEPTIDE,null,2kmj_0_2,H1,2,UU,A,A,UU,,"A.U23,A.U25",,,A.21:27,A.38:41,'((..((','))))',0.6,1.12,-10.8,37.0,17.1
2kpv,RNA,RNA,null,2kpv_0_1,H1,1,A,A,A,,A,,A.A30,,A.3:6,A.28:32,'((((',')).))',0.62,1.32,-0.6,8.1,-20.5
2ktp,DNA,DNA,null,2ktp_0_1,H1,1,g,A,B,g,,A.GNE6,,A.GNE/6,A.4:8,B.17:20,'((.((','))))',1.5,1.13,46.4,20.4,-50.1
2ktz,RNA,RNA,null,2ktz_1_5,H1,5,AACUA,A,A,AACUA,,"A.A6,A.A7,A.C8,A.U9,A.A10",,,A.4:12,A.32:35,'((.....((','))))',0.66,0.7,35.9,45.4,-27.3
2ku0,RNA,RNA,null,2ku0_1_5,H1,5,AACUA,A,A,AACUA,,"A.A6,A.A7,A.C8,A.U9,A.A10",,,A.4:12,A.32:35,'((.....((','))))',0.67,0.79,34.4,49.2,-31.8
2kur,RNA,RNA,null,2kur_0_1,H1,1,A,A,A,,A,,A.A39,,A.8:11,A.37:41,'((((',')).))',0.75,0.97,13.0,17.2,-31.0
2kur,RNA,RNA,null,2kur_1_1,H1,1,C,A,A,,C,,A.C35,,A.11:14,A.33:37,'((((',')).))',0.72,1.06,-12.5,24.6,-4.6
2kuu,RNA,RNA,null,2kuu_0_1,H1,1,A,A,A,,A,,A.A39,,A.8:11,A.37:41,'((((',')).))',0.62,0.72,7.0,22.6,-24.8
2kuu,RNA,RNA,null,2kuu_1_1,H1,1,C,A,A,,C,,A.C35,,A.11:14,A.33:37,'((((',')).))',0.58,1.16,-12.3,22.2,-0.9
2kuv,RNA,RNA,null,2kuv_0_1,H1,1,A,A,A,,A,,A.A39,,A.8:11,A.37:41,'((((',')).))',0.67,1.0,8.1,19.6,-22.3
2kuv,RNA,RNA,null,2kuv_1_1,H1,1,C,A,A,,C,,A.C35,,A.11:14,A.33:37,'((((',')).))',0.75,1.07,-32.6,35.3,33.2
2kuw,RNA,RNA,null,2kuw_0_1,H1,1,A,A,A,,A,,A.A39,,A.8:11,A.37:41,'((((',')).))',0.73,0.77,34.8,12.9,-66.3
2kx5,Protein#RNA,RNA binding protein/RNA,null,2kx5_0_3,H1,3,UCU,A,A,UCU,,"A.U23,A.C24,A.U25",,,A.21:27,A.38:41,'((...((','))))',0.49,1.06,-50.9,9.0,34.9
2kx8,RNA,RNA,null,2kx8_0_2,H1,2,CU,A,A,,CU,,"A.C320,A.U321",,A.303:306,A.318:323,'((((','))..))',0.53,0.51,-19.7,12.2,-6.4
2l1f,RNA,RNA,null,2l1f_0_1,H1,1,U,A,A,U,,A.U319,,,A.317:321,A.344:347,'((.((','))))',0.79,0.85,60.0,15.7,-61.1
2l1f,RNA,RNA,null,2l1f_1_1,H1,1,U,B,B,U,,B.U719,,,B.717:721,B.744:747,'((.((','))))',0.79,0.86,57.6,15.6,-58.9
2l1f,RNA,RNA,null,2l1f_2_2,H1,2,AC,A,A,AC,,"A.A314,A.C315",,,A.312:317,A.347:350,'((..((','))))',0.47,1.25,-96.4,-42.4,72.1
2l1f,RNA,RNA,null,2l1f_3_2,H1,2,AC,B,B,AC,,"B.A714,B.C715",,,B.712:717,B.747:750,'((..((','))))',0.47,1.22,-96.8,-42.2,72.8
2l1f,RNA,RNA,null,2l1f_4_4,H1,4,GGAA,A,A,,GGAA,,"A.G338,A.G339,A.A340,A.A341",,A.322:325,A.336:343,'((((','))....))',0.94,0.75,40.7,143.4,55.2
2l1f,RNA,RNA,null,2l1f_5_4,H1,4,GGAA,B,B,,GGAA,,"B.G738,B.G739,B.A740,B.A741",,B.722:725,B.736:743,'((((','))....))',0.93,0.74,40.4,143.9,54.5
2l3e,RNA,RNA,null,2l3e_0_5,H1,5,GCUCC,A,A,GCUCC,,"A.G8,A.C9,A.U10,A.C11,A.C12",,,A.6:14,A.27:30,'((.....((','))))',1.39,0.89,35.1,90.6,-13.3
2l8h,RNA,RNA,null,2l8h_0_3,H1,3,UCU,A,A,UCU,,"A.U23,A.C24,A.U25",,,A.21:27,A.38:41,'((...((','))))',0.53,0.89,-58.3,4.6,25.0
2l94,RNA,RNA/INHIBITOR,null,2l94_0_3,H1,3,GGA,A,A,,GGA,,"A.G35,A.G36,A.A37",,A.7:10,A.33:39,'((((','))...))',0.87,1.08,-20.3,32.7,-9.7
2la5,Protein#RNA,RNA Binding Protein/RNA,null,2la5_0_1,H1,1,G,A,A,G,,A.G6,,,A.4:8,A.29:32,'((.((','))))',0.5,1.71,-23.5,36.0,24.9
2lc8,RNA,RNA,null,2lc8_0_1,H1,1,A,A,A,,A,,A.A29,,A.11:14,A.27:31,'((((',')).))',0.36,0.57,-63.8,-9.3,56.7
2lk3,RNA,RNA,null,2lk3_0_2,H1,2,UA,A,A,UA,,"A.U5,A.A6",,,A.3:8,A.19:22,'((..((','))))',0.72,0.46,-53.9,11.6,23.7
2lkr,RNA,RNA,null,2lkr_1_2,H1,2,UA,A,A,,UA,,"A.U90,A.A91",,A.17:20,A.88:93,'((((','))..))',1.57,1.41,-90.2,-29.5,56.6
2lps,RNA,RNA,null,2lps_0_2,H1,2,CG,A,A,,CG,,"A.C25,A.G26",,A.7:10,A.23:28,'((((','))..))',0.88,0.99,-9.3,39.2,-14.0
2mhi,RNA,RNA,null,2mhi_1_1,H1,1,U,A,A,U,,A.U14,,,A.12:16,A.24:27,'((.((','))))',0.75,0.78,-63.3,34.5,48.6
2miv,DNA,DNA,null,2miv_0_1,H1,1,G,A,B,G,,A.DG6,,,A.4:8,B.15:18,'((.((','))))',1.6,1.44,-7.8,39.8,27.0
2mqt,RNA,RNA,null,2mqt_0_1,H1,1,A,A,A,A,,A.A122,,,A.120:124,A.133:136,'((.((','))))',0.65,0.59,-20.4,9.8,-3.6
2mqv,Protein#RNA,VIRAL PROTEIN/RNA,null,2mqv_0_1,H1,1,A,B,B,A,,B.A122,,,B.120:124,B.133:136,'((.((','))))',1.0,0.58,-35.5,19.9,16.9
2mxl,RNA,RNA,null,2mxl_0_1,H1,1,A,A,A,,A,,A.A26,,A.14:17,A.24:28,'((((',')).))',0.91,1.25,-8.3,28.3,1.9
2n3q,RNA,RNA,null,2n3q_0_1,H1,1,A,A,A,A,,A.A6,,,A.4:8,A.55:58,'((.((','))))',0.54,1.08,-4.6,24.5,9.3
2n3q,RNA,RNA,null,2n3q_1_2,H1,2,AA,A,A,AA,,"A.A32,A.A33",,,A.30:35,A.44:47,'((..((','))))',0.98,0.64,37.9,24.7,1.7
2n3r,RNA,RNA,null,2n3r_0_1,H1,1,A,A,A,A,,A.A6,,,A.4:8,A.55:58,'((.((','))))',0.69,0.95,-6.1,19.1,7.9
2n3r,RNA,RNA,null,2n3r_1_2,H1,2,AA,A,A,AA,,"A.A32,A.A33",,,A.30:35,A.44:47,'((..((','))))',1.12,0.58,30.7,27.7,6.9
2n4l,RNA,RNA,null,2n4l_2_2,H1,2,UU,A,A,UU,,"A.U20,A.U21",,,A.18:23,A.33:36,'((..((','))))',0.78,0.67,-17.5,9.1,-2.8
2n7m,RNA,RNA,null,2n7m_0_1,H1,1,U,X,X,U,,X.U24,,,X.22:26,X.46:49,'((.((','))))',0.74,1.86,-26.4,-34.6,8.8
2neo,DNA,DNA,null,2neo_0_2,H1,2,AT,A,A,,AT,,"A.DA12,A.DT13",,A.4:7,A.10:15,'((((','))..))',1.62,1.48,60.9,43.0,-92.5
2oey,DNA,DNA,null,2oey_0_2,H1,2,GT,A,A,GT,,"A.DG6,A.DT7",,,A.4:9,A.19:22,'((..((','))))',1.39,1.51,57.7,35.3,-67.0
2xeb,RNA,RNA,null,2xeb_0_1,H1,1,A,A,B,A,,A.A25,,,A.23:27,B.46:49,'((.((','))))',0.7,0.82,54.6,20.8,-53.5
484d,Protein#RNA,RNA BINDING PROTEIN/RNA,null,484d_0_2,H1,2,UG,B,B,UG,,"B.U8,B.G9",,,B.6:11,B.19:22,'((..((','))))',0.88,1.18,-32.7,23.0,21.2
5a17,RNA,RNA,null,5a17_0_1,H1,1,A,A,A,,A,,A.A24,,A.7:10,A.22:26,'((((',')).))',1.06,0.87,5.3,34.2,-4.1
5a18,RNA,RNA,null,5a18_0_1,H1,1,A,A,A,,A,,A.A24,,A.7:10,A.22:26,'((((',')).))',0.86,0.61,-8.9,33.9,4.6
5b81,DNA,DNA,null,5b81_0_1,H1,1,G,A,B,G,,A.DG7,,,A.5:9,B.25:28,'((.((','))))',1.42,1.25,27.6,21.3,-36.9
5b81,DNA,DNA,null,5b81_1_1,H1,1,C,A,B,,C,,B.DC23,,A.9:12,B.21:25,'((((',')).))',1.42,1.47,3.0,45.9,-10.4
5iem,RNA,TRANSCRIPTION,null,5iem_0_1,H1,1,U,A,A,,U,,A.U33,,A.21:24,A.31:35,'((((',')).))',0.63,0.89,71.6,11.0,-91.0
5iem,RNA,TRANSCRIPTION,null,5iem_1_2,H1,2,CU,A,A,,CU,,"A.C41,A.U42",,A.12:15,A.39:44,'((((','))..))',0.55,0.91,-92.7,-37.3,72.8
5iem,RNA,TRANSCRIPTION,null,5iem_2_2,H1,2,UU,A,A,UU,,"A.U17,A.U18",,,A.15:20,A.36:39,'((..((','))))',0.85,0.93,9.4,14.3,-28.0
5j0m,Protein#RNA,VIRAL PROTEIN,null,5j0m_0_3,H1,3,UCU,B,B,UCU,,"B.U23,B.C24,B.U25",,,B.21:27,B.38:41,'((...((','))))',0.62,1.26,-46.3,28.0,44.6
5j2w,Protein#RNA,VIRAL PROTEIN,null,5j2w_1_3,H1,3,UCU,B,B,UCU,,"B.U23,B.C24,B.U25",,,B.21:27,B.38:41,'((...((','))))',0.74,1.72,11.6,15.2,-6.0
5uf3,RNA,RNA,null,5uf3_0_1,H1,1,A,A,A,A,,A.A8,,,A.6:10,A.15:18,'((.((','))))',0.53,0.57,37.0,13.6,-45.6
5uzt,RNA,RNA,null,5uzt_0_1,H1,1,A,A,A,A,,A.A29,,,A.27:31,A.44:47,'((.((','))))',0.53,0.86,-5.9,26.8,-3.0
5v16,RNA,RNA,null,5v16_0_5,H1,5,AUAGC,A,A,AUAGC,,"A.A7,A.U8,A.A9,A.G10,A.C11",,,A.5:13,A.34:37,'((.....((','))))',0.3,0.43,-23.2,93.9,-21.9
5v17,RNA,RNA,null,5v17_0_5,H1,5,ACCCC,A,A,ACCCC,,"A.A7,A.C8,A.C9,A.C10,A.C11",,,A.5:13,A.34:37,'((.....((','))))',1.14,0.76,55.6,85.5,-55.6
