pdbid,mmtype,mmclass,reso,iloopid,iloopnum1,iloopnum2,chid1,chid2,seq_short1,seq_short2,seq_long1,seq_long2,modify,abg_seq1,abg_seq2,dotbra_1,dotbra_2,RMSD1,RMSD2,alpha_h,beta_h,gamma_h
103d,DNA,DNA,null,103d_0_3_3,3,3,A,B,GGA,GGA,"A.DG3,A.DG4,A.DA5","B.DG20,B.DG21,B.DA22",,A.1:7,B.18:24,'((...((','))...))',1.22,1.37,-92.9,61.0,-32.7
103d,DNA,DNA,null,103d_1_3_3,3,3,A,B,GGA,GGA,"A.DG8,A.DG9,A.DA10","B.DG15,B.DG16,B.DA17",,A.6:12,B.13:19,'((...((','))...))',1.37,1.22,-102.8,59.5,-21.3
175d,DNA,DNA,null,175d_0_2_2,2,2,A,B,GA,GA,"A.DG3,A.DA4","B.DG17,B.DA18",,A.1:6,B.15:20,'((..((','))..))',1.32,1.24,-79.3,52.3,-2.4
175d,DNA,DNA,null,175d_1_2_2,2,2,A,B,GA,GA,"A.DG7,A.DA8","B.DG13,B.DA14",,A.5:10,B.11:16,'((..((','))..))',1.24,1.32,-72.5,52.3,-9.3
17ra,RNA,RNA,null,17ra_0_2_1,2,1,A,A,AA,U,"A.A6,A.A7",A.U16,,A.4:9,A.14:18,'((..((',')).))',0.55,0.79,5.9,29.4,-41.6
1a4d,RNA,RNA,null,1a4d_0_7_7,7,7,A,B,GAUGGUA,GAGAGUA,"A.G72,A.A73,A.U74,A.G75,A.G76,A.U77,A.A78","B.G98,B.A99,B.G100,B.A101,B.G102,B.U103,B.A104",,A.70:80,B.96:106,'((.......((',')).......))',0.66,0.6,32.1,-27.8,52.3
1a51,RNA,RNA,null,1a51_0_7_7,7,7,A,A,GAUGGUA,GAGAGUA,"A.G72,A.A73,A.U74,A.G75,A.G76,A.U77,A.A78","A.G98,A.A99,A.G100,A.A101,A.G102,A.U103,A.A104",,A.70:80,A.96:106,'((.......((',')).......))',0.66,0.6,32.1,-27.8,52.3
1ajl,RNA,RNA,null,1ajl_0_6_1,6,1,A,B,UAAUAA,A,"A.U4,A.A5,A.A6,A.U7,A.A8,A.A9",B.A22,,A.2:11,B.20:24,'((......((',')).))',0.93,1.08,15.7,111.6,-125.9
1ajt,RNA,RNA,null,1ajt_0_6_1,6,1,A,B,UAAUAA,A,"A.U4,A.A5,A.A6,A.U7,A.A8,A.A9",B.A22,,A.2:11,B.20:24,'((......((',')).))',0.83,0.83,4.1,102.9,-137.0
1anr,RNA,RNA,null,1anr_0_4_1,4,1,A,A,AUCU,U,"A.A22,A.U23,A.C24,A.U25",A.U40,,A.20:27,A.38:42,'((....((',')).))',1.0,1.22,55.9,62.3,-99.1
1aud,Protein#RNA,RNA BINDING PROTEIN/RNA,null,1aud_0_1_7,1,7,B,B,A,AUUGCAC,B.A24,"B.A39,B.U40,B.U41,B.G42,B.C43,B.A44,B.C45",,B.22:26,B.37:47,'((.((',')).......))',1.03,0.98,-41.1,155.7,-128.1
1aw4,DNA,DNA,null,1aw4_0_6_6,6,6,A,A,GGGGGA,GGAGGA,"A.DG5,A.DG6,A.DG7,A.DG8,A.DG9,A.DA10","A.DG18,A.DG19,A.DA20,A.DG21,A.DG22,A.DA23",,A.3:12,A.16:25,'((......((','))......))',1.17,1.36,-119.9,81.6,-45.8
1axu,DNA,DNA,null,1axu_0_1_1,1,1,A,B,G,A,A.DG6,B.DA17,,A.4:8,B.15:19,'((.((',')).))',1.32,1.5,-42.3,39.1,32.7
1b36,RNA,RNA,null,1b36_0_7_9,7,9,A,A,AGAAACA,GUAUAUUAC,"A.A6,A.G7,A.A8,A.A9,A.A10,A.C11,A.A12","A.G25,A.U26,A.A27,A.U28,A.A29,A.U30,A.U31,A.A32,A.C33",,A.4:14,A.23:35,'((.......((',')).........))',1.08,1.0,-61.3,68.2,-88.4
1bps,DNA,DNA,null,1bps_0_1_1,1,1,A,B,A,G,A.DA5,B.DG14,,A.3:7,B.12:16,'((.((',')).))',1.31,1.51,-88.5,28.0,54.6
1bw7,DNA,DNA,null,1bw7_0_1_1,1,1,A,B,t,A,A.DFT6,B.DA7,A.DFT/6,A.4:8,B.5:9,'((.((',')).))',1.54,1.41,-47.5,48.0,14.8
1c4l,RNA,RNA,null,1c4l_0_1_1,1,1,A,B,U,C,A.U5,B.C14,,A.3:7,B.12:16,'((.((',')).))',0.98,0.7,-42.0,5.3,18.7
1cfl,DNA,DNA,null,1cfl_0_1_1,1,1,A,B,T,G,A.DT6,B.DG15,A.64T/5,A.4:8,B.13:17,'((.((',')).))',1.3,1.19,-19.4,13.0,-35.8
1cq5,RNA,RNA,null,1cq5_0_4_4,4,4,A,A,CAGG,AGCA,"A.C15,A.A16,A.G17,A.G18","A.A29,A.G30,A.C31,A.A32",,A.13:20,A.27:34,'((....((','))....))',0.92,1.06,-105.5,24.4,-33.7
1cq5,RNA,RNA,null,1cq5_1_6_3,6,3,A,A,UUACCA,AAG,"A.U6,A.U7,A.A8,A.C9,A.C10,A.A11","A.A36,A.A37,A.G38",,A.4:13,A.34:40,'((......((','))...))',0.83,0.52,-38.2,16.2,-61.5
1cql,RNA,RNA,null,1cql_0_5_2,5,2,A,A,UACCA,AA,"A.U7,A.A8,A.C9,A.C10,A.A11","A.A36,A.A37",,A.5:13,A.34:39,'((.....((','))..))',0.72,0.46,-3.9,-9.2,-52.6
1cql,RNA,RNA,null,1cql_1_4_4,4,4,A,A,CAGG,AGCA,"A.C15,A.A16,A.G17,A.G18","A.A29,A.G30,A.C31,A.A32",,A.13:20,A.27:34,'((....((','))....))',0.77,0.93,-149.3,28.2,6.5
1d69,DNA,DNA,null,1d69_0_2_2,2,2,A,B,GA,GA,"A.DG3,A.DA4","B.DG17,B.DA18",,A.1:6,B.15:20,'((..((','))..))',1.66,1.43,-72.0,56.5,3.1
1d69,DNA,DNA,null,1d69_1_2_2,2,2,A,B,GA,GA,"A.DG7,A.DA8","B.DG13,B.DA14",,A.5:10,B.11:16,'((..((','))..))',1.43,1.66,-67.3,56.1,-1.6
1d6k,Protein#RNA,RIBOSOME,null,1d6k_0_7_7,7,7,B,B,GAUGGUA,GAGAGUA,"B.G272,B.A273,B.U274,B.G275,B.G276,B.U277,B.A278","B.G298,B.A299,B.G300,B.A301,B.G302,B.U303,B.A304",,B.270:280,B.296:306,'((.......((',')).......))',0.59,0.69,2.6,16.7,101.3
1da4,DNA,DNA,null,1da4_0_2_2,2,2,A,B,GT,AC,"A.DG6,A.DT7","B.DA20,B.DC21",,A.4:9,B.18:23,'((..((','))..))',1.39,1.48,-62.9,80.6,5.2
1da5,DNA,DNA,null,1da5_0_2_2,2,2,A,B,GT,AC,"A.DG6,A.DT7","B.DA20,B.DC21",,A.4:9,B.18:23,'((..((','))..))',1.34,1.71,-71.2,69.8,15.2
1ddp,DNA,DNA,null,1ddp_0_2_2,2,2,A,B,GC,GC,"A.DG5,A.DC6","B.DG5,B.DC6",,A.3:8,B.3:8,'((..((','))..))',1.36,1.36,-20.7,49.9,48.9
1djd,DNA,DNA,null,1djd_0_1_1,1,1,A,B,A,T,A.DA6,B.DT17,,A.4:8,B.15:19,'((.((',')).))',1.3,1.03,-50.7,32.7,37.4
1dl4,DNA,DNA,null,1dl4_0_1_1,1,1,A,B,A,T,A.DA6,B.DT17,,A.4:8,B.15:19,'((.((',')).))',1.47,1.1,-54.5,38.9,24.9
1dsd,Protein#DNA,DNA/ANTIBIOTIC,null,1dsd_0_1_1,1,1,A,B,T,T,A.DT3,B.DT14,,A.1:5,B.12:16,'((.((',')).))',1.3,2.57,-33.8,40.4,33.1
1dsd,Protein#DNA,DNA/ANTIBIOTIC,null,1dsd_1_1_1,1,1,A,B,T,T,A.DT6,B.DT11,,A.4:8,B.9:13,'((.((',')).))',2.57,1.28,-20.6,31.4,4.5
1dxa,DNA,DNA,null,1dxa_0_1_1,1,1,A,B,A,G,A.DA5,B.DG5,,A.3:7,B.3:7,'((.((',')).))',1.36,1.26,-50.0,37.0,36.2
1dz5,Protein#RNA,RIBONUCLEOPROTEIN/RNA,null,1dz5_0_7_1,7,1,C,D,AUUGCAC,A,"C.A13,C.U14,C.U15,C.G16,C.C17,C.A18,C.C19",D.A50,,C.11:21,D.48:52,'((.......((',')).))',0.77,0.83,29.3,134.9,-73.7
1dz5,Protein#RNA,RIBONUCLEOPROTEIN/RNA,null,1dz5_1_1_7,1,7,C,D,A,AUUGCAC,C.A24,"D.A39,D.U40,D.U41,D.G42,D.C43,D.A44,D.C45",,C.22:26,D.37:47,'((.((',')).......))',0.77,0.83,29.3,134.9,-73.8
1e4p,RNA,RNA RIBOZYME,null,1e4p_0_3_3,3,3,A,A,GAA,CGA,"A.G5,A.A6,A.A7","A.C18,A.G19,A.A20",,A.3:9,A.16:22,'((...((','))...))',0.84,0.84,-85.3,36.6,-14.0
1e7j,Protein#DNA,PROTEIN/DNA,null,1e7j_0_3_1,3,1,B,C,TAA,A,"B.DT7,B.DA8,B.DA9",C.DA20,,B.5:11,C.18:22,'((...((',')).))',1.33,1.6,54.2,38.1,-116.8
1ebq,RNA,RNA,null,1ebq_0_2_3,2,3,A,A,GG,GUA,"A.G5,A.G6","A.G23,A.U24,A.A25",,A.3:8,A.21:27,'((..((','))...))',0.39,0.5,16.9,16.8,-91.2
1ebr,RNA,RNA,null,1ebr_0_2_3,2,3,A,A,GG,GUA,"A.G5,A.G6","A.G24,A.U25,A.A26",,A.3:8,A.22:28,'((..((','))...))',1.25,0.51,-46.8,38.6,-33.9
1ebs,RNA,RNA,null,1ebs_0_2_3,2,3,A,A,GG,GUA,"A.G5,A.G6","A.G23,A.U24,A.A25",,A.3:8,A.21:27,'((..((','))...))',0.39,0.65,-58.3,28.5,25.3
1ec4,DNA,DNA,null,1ec4_0_4_4,4,4,A,B,tttt,tttt,"A.6HT5,A.6HT6,A.6HT7,A.6HT8","B.6HT17,B.6HT18,B.6HT19,B.6HT20","A.6HG/3,A.6HC/4,A.6HT/5,A.6HT/6,A.6HT/7,A.6HT/8,A.6HG/9,A.6HC/10,B.6HG/15,B.6HC/16,B.6HT/17,B.6HT/18,B.6HT/19,B.6HT/20,B.6HG/21,B.6HC/22",A.3:10,B.15:22,'((....((','))....))',0.62,0.64,-88.1,30.1,-15.7
1eht,RNA,RNA,null,1eht_0_1_4,1,4,A,A,A,CCUU,A.A10,"A.C21,A.C22,A.U23,A.U24",,A.8:12,A.19:26,'((.((','))....))',0.47,1.29,-89.1,25.7,41.6
1eht,RNA,RNA,null,1eht_1_3_3,3,3,A,A,AUA,CAG,"A.A5,A.U6,A.A7","A.C27,A.A28,A.G29",,A.3:9,A.25:31,'((...((','))...))',0.94,1.29,-82.9,17.7,28.1
1esy,RNA,RNA,null,1esy_0_1_2,1,2,A,A,A,UA,A.A5,"A.U14,A.A15",,A.3:7,A.12:17,'((.((','))..))',0.92,0.96,-3.0,5.2,-52.7
1etf,Protein#RNA,Viral protein/RNA,null,1etf_0_2_3,2,3,A,A,GG,GUA,"A.G47,A.G48","A.G71,A.U72,A.A73",,A.45:50,A.69:75,'((..((','))...))',0.93,0.75,-26.9,29.7,-12.4
1etg,Protein#RNA,Viral protein/RNA,null,1etg_0_2_3,2,3,A,A,GG,GUA,"A.G47,A.G48","A.G71,A.U72,A.A73",,A.45:50,A.69:75,'((..((','))...))',1.31,0.84,-35.4,30.8,-2.9
1f5g,RNA,RNA,null,1f5g_0_1_1,1,1,A,B,G,G,A.G4,B.G7,,A.2:6,B.5:9,'((.((',')).))',0.74,0.42,-43.1,25.8,16.6
1f5g,RNA,RNA,null,1f5g_1_1_1,1,1,A,B,G,G,A.G7,B.G4,,A.5:9,B.2:6,'((.((',')).))',0.42,0.76,-54.4,25.5,28.0
1f5h,RNA,RNA,null,1f5h_0_1_1,1,1,A,B,G,G,A.G4,B.G7,,A.2:6,B.5:9,'((.((',')).))',0.53,0.79,-54.7,25.1,26.1
1f5h,RNA,RNA,null,1f5h_1_1_1,1,1,A,B,G,G,A.G7,B.G4,,A.5:9,B.2:6,'((.((',')).))',0.79,0.59,-45.1,31.4,17.7
1f6u,Protein#RNA,STRUCTURAL PROTEIN/RNA,null,1f6u_0_1_2,1,2,B,B,A,UA,B.A205,"B.U214,B.A215",,B.203:207,B.212:217,'((.((','))..))',2.22,0.94,-76.0,27.4,49.4
1f84,RNA,RNA,null,1f84_0_5_4,5,4,A,A,GAGUA,GAAA,"A.G5,A.A6,A.G7,A.U8,A.A9","A.G22,A.A23,A.A24,A.A25",,A.3:11,A.20:27,'((.....((','))....))',0.67,1.13,-79.5,45.9,-40.2
1f9l,RNA,RNA,null,1f9l_0_2_2,2,2,A,A,AA,GG,"A.A5,A.A6","A.G17,A.G18",,A.3:8,A.15:20,'((..((','))..))',0.92,0.83,-49.2,27.1,-4.3
1fky,DNA,DNA,null,1fky_0_1_1,1,1,A,B,C,T,A.DC6,B.DT17,,A.4:8,B.15:19,'((.((',')).))',1.39,1.42,-60.0,64.8,18.3
1fkz,DNA,DNA,null,1fkz_0_1_1,1,1,A,B,C,C,A.DC6,B.DC17,,A.4:8,B.15:19,'((.((',')).))',1.38,1.45,-55.5,68.3,18.2
1fmn,RNA,RNA,null,1fmn_0_6_5,6,5,A,A,AGGAUA,GAAGG,"A.A8,A.G9,A.G10,A.A11,A.U12,A.A13","A.G24,A.A25,A.A26,A.G27,A.G28",,A.6:15,A.22:30,'((......((',')).....))',1.22,1.0,-122.0,41.9,-53.5
1fqz,RNA,RNA,null,1fqz_0_5_4,5,4,A,A,GAGUA,GAAA,"A.G4,A.A5,A.G6,A.U7,A.A8","A.G21,A.A22,A.A23,A.A24",,A.2:10,A.19:26,'((.....((','))....))',0.71,0.58,-81.7,42.3,-25.6
1fyi,DNA,DNA,null,1fyi_0_1_1,1,1,A,B,a,g,A.2AR6,B.8OG17,"A.2AR/6,B.8OG/17",A.4:8,B.15:19,'((.((',')).))',1.22,1.07,-53.8,28.4,11.6
1g70,Protein#RNA,VIRAL PROTEIN/RNA,null,1g70_0_2_3,2,3,A,A,GG,GUA,"A.G47,A.G48","A.G71,A.U72,A.A73",,A.45:50,A.69:75,'((..((','))...))',1.36,1.18,-47.9,11.3,10.8
1hwq,RNA,RNA,null,1hwq_0_3_3,3,3,A,A,GAA,CGA,"A.G6,A.A7,A.A8","A.C23,A.G24,A.A25",,A.4:10,A.21:27,'((...((','))...))',0.64,0.44,-84.5,69.0,-20.5
1hz0,DNA,DNA,null,1hz0_0_1_1,1,1,A,B,G,C,A.DG6,B.DC17,,A.4:8,B.15:19,'((.((',')).))',1.32,1.37,-93.2,19.6,48.0
1i9f,Protein#RNA,DE-NOVO PROTEIN/RNA,null,1i9f_0_2_3,2,3,A,A,GG,GUA,"A.G7,A.G8","A.G26,A.U27,A.A28",,A.5:10,A.24:30,'((..((','))...))',1.28,0.77,-28.5,50.4,12.1
1ie2,RNA,RNA,null,1ie2_0_4_4,4,4,A,A,GAAA,AGUA,"A.G5,A.A6,A.A7,A.A8","A.A15,A.G16,A.U17,A.A18",,A.3:10,A.13:20,'((....((','))....))',1.41,2.66,-71.5,46.9,1.3
1jdg,DNA,DNA,null,1jdg_0_1_1,1,1,A,B,A,T,A.DA6,B.DT6^B,,A.4:8,B.4B:8B,'((.((',')).))',1.36,1.56,-71.4,31.3,46.2
1jo7,RNA,RNA,null,1jo7_0_1_1,1,1,A,A,U,G,A.U3,A.G29,,A.1:5,A.27:31,'((.((',')).))',0.57,0.75,-22.5,-17.2,-32.4
1ju1,RNA,RNA,null,1ju1_0_2_1,2,1,A,B,AA,A,"A.A8,A.A9",B.A39,,A.6:11,B.37:41,'((..((',')).))',1.43,1.7,53.3,40.5,-94.3
1ju1,RNA,RNA,null,1ju1_1_1_2,1,2,A,B,A,AA,A.A16,"B.A31,B.A32",,A.14:18,B.29:34,'((.((','))..))',1.09,1.44,22.6,29.8,-50.3
1koc,RNA,RNA,null,1koc_0_3_1,3,1,A,B,AAG,G,"A.A7,A.A8,A.G9",B.G38,,A.5:11,B.36:40,'((...((',')).))',1.12,1.8,-33.7,32.3,-19.9
1kod,RNA,RNA,null,1kod_0_3_1,3,1,A,B,AAG,G,"A.A7,A.A8,A.G9",B.G38,,A.5:11,B.36:40,'((...((',')).))',0.84,1.83,-17.4,37.3,-38.0
1kod,RNA,RNA,null,1kod_1_2_7,2,7,A,B,GU,GGUUAGG,"A.G12,A.U13","B.G29,B.G30,B.U31,B.U32,B.A33,B.G34,B.G35",,A.10:15,B.27:37,'((..((',')).......))',1.62,1.83,-87.8,38.0,-3.7
1kp7,RNA,RNA,null,1kp7_0_1_1,1,1,A,A,C,C,A.C5,A.C26,,A.3:7,A.24:28,'((.((',')).))',0.79,0.52,-53.6,29.3,23.1
1kp7,RNA,RNA,null,1kp7_1_4_2,4,2,A,A,AAUG,AC,"A.A8,A.A9,A.U10,A.G11","A.A22,A.C23",,A.6:13,A.20:25,'((....((','))..))',0.52,0.59,-30.4,48.1,-3.0
1l1c,Protein#RNA,TRANSCRIPTION/RNA,null,1l1c_0_1_2,1,2,C,C,A,AA,C.A3,"C.A26,C.A27",,C.1:5,C.24:29,'((.((','))..))',0.8,1.17,-45.7,13.8,-13.7
1l1w,RNA,RNA,null,1l1w_0_2_2,2,2,A,A,AC,AC,"A.A5,A.C6","A.A23,A.C24",,A.3:8,A.21:26,'((..((','))..))',0.76,0.58,-30.4,10.5,-37.8
1laq,DNA,DNA,null,1laq_0_1_1,1,1,A,B,g,c,A.P7,B.DNR20,"A.P/7,B.DNR/20",A.5:9,B.18:22,'((.((',')).))',1.28,1.13,-51.3,51.7,7.2
1las,DNA,DNA,null,1las_0_1_1,1,1,A,B,g,c,A.P7,B.DNR20,"A.P/7,B.DNR/20",A.5:9,B.18:22,'((.((',')).))',1.32,1.17,-60.0,50.1,21.7
1lc6,RNA,RNA,null,1lc6_0_1_2,1,2,A,A,C,AU,A.C6,"A.A18,A.U19",,A.4:8,A.16:21,'((.((','))..))',0.65,0.5,-10.3,51.2,-15.5
1ldz,RNA,RNA,null,1ldz_0_4_2,4,2,A,A,CGAG,GA,"A.C6,A.G7,A.A8,A.G9","A.G24,A.A25",,A.4:11,A.22:27,'((....((','))..))',0.76,1.14,-6.8,62.2,-57.5
1lpw,RNA,RNA,null,1lpw_0_1_2,1,2,A,B,P,AA,A.PSU5,"B.A5,B.A6",A.PSU/5,A.3:7,B.3:8,'((.((','))..))',0.83,0.67,-67.3,54.5,20.8
1m5l,RNA,RNA,null,1m5l_0_1_3,1,3,A,A,G,GGA,A.G13,"A.G26,A.G27,A.A28",,A.11:15,A.24:30,'((.((','))...))',1.16,0.65,-3.1,49.8,-37.1
1m5l,RNA,RNA,null,1m5l_1_4_2,4,2,A,A,AGGA,GG,"A.A5,A.G6,A.G7,A.A8","A.G33,A.G34",,A.3:10,A.31:36,'((....((','))..))',0.77,0.56,-22.6,60.3,12.8
1mfy,RNA,RNA,null,1mfy_0_2_2,2,2,A,A,CA,GC,"A.C9,A.A10","A.G23,A.C24",,A.7:12,A.21:26,'((..((','))..))',0.39,0.6,-17.1,8.0,-50.0
1mis,RNA,RNA,null,1mis_0_2_2,2,2,A,B,GA,GA,"A.G4,A.A5","B.G12,B.A13",,A.2:7,B.10:15,'((..((','))..))',0.56,0.55,-65.3,26.0,3.4
1mk6,DNA,DNA,null,1mk6_0_1_1,1,1,A,B,g,A,A.X6,B.DA15,A.X/6,A.4:8,B.13:17,'((.((',')).))',1.41,1.21,-43.6,34.5,35.1
1mnx,RNA,RNA,null,1mnx_0_7_7,7,7,A,A,GACGAUA,AAAAAUA,"A.G72,A.A73,A.C74,A.G75,A.A76,A.U77,A.A78","A.A98,A.A99,A.A100,A.A101,A.A102,A.U103,A.A104",,A.70:80,A.96:106,'((.......((',')).......))',0.87,1.07,3.5,-10.9,118.0
1muv,RNA,RNA,null,1muv_0_2_2,2,2,A,B,AA,AA,"A.A4,A.A5","B.A4,B.A5",,A.2:7,B.2:7,'((..((','))..))',0.5,0.49,-69.9,32.4,1.0
1mv1,RNA,RNA,null,1mv1_0_2_2,2,2,A,B,aA,aA,"A.P5P4,A.A5","B.P5P4,B.A5","A.P5P/4,B.P5P/4",A.2:7,B.2:7,'((..((','))..))',0.55,0.55,-75.1,22.5,-0.2
1mv2,RNA,RNA,null,1mv2_0_2_2,2,2,A,B,Aa,Aa,"A.A4,A.P5P5","B.A4,B.P5P5","A.P5P/5,B.P5P/5",A.2:7,B.2:7,'((..((','))..))',0.72,0.61,-70.1,12.4,8.1
1mv6,RNA,RNA,null,1mv6_0_2_2,2,2,A,B,aa,aa,"A.P5P4,A.P5P5","B.P5P4,B.P5P5","A.P5P/4,A.P5P/5,B.P5P/4,B.P5P/5",A.2:7,B.2:7,'((..((','))..))',0.58,0.63,-77.9,6.5,12.8
1mwg,RNA,RNA,null,1mwg_0_2_2,2,2,A,B,AG,AG,"A.A4,A.G5","B.A12,B.G13",,A.2:7,B.10:15,'((..((','))..))',0.42,0.41,-65.9,12.7,4.9
1n1n,DNA,DNA,null,1n1n_0_1_1,1,1,A,B,C,A,A.DC5,B.DA16,,A.3:7,B.14:18,'((.((',')).))',1.32,1.49,-33.6,31.4,25.4
1n2w,DNA,DNA,null,1n2w_0_1_1,1,1,A,B,G,g,A.DG4,B.8OG21,B.8OG/21,A.2:6,B.19:23,'((.((',')).))',1.32,1.38,-43.3,37.5,13.6
1n2w,DNA,DNA,null,1n2w_1_1_1,1,1,A,B,g,G,A.8OG9,B.DG16,A.8OG/9,A.7:11,B.14:18,'((.((',')).))',1.55,1.55,-36.6,43.5,9.1
1n4b,DNA,DNA,null,1n4b_0_3_3,3,3,A,B,ACT,AcT,"A.DA5,A.DC6,A.DT7","B.DA5,B.D00/6,B.DT7",B.D00/6,A.3:9,B.3:9,'((...((','))...))',1.29,1.29,-100.6,43.2,-29.6
1n53,RNA,RNA,null,1n53_0_8_1,8,1,A,B,GUGGAACC,C,"A.G5,A.U6,A.G7,A.G8,A.A9,A.A10,A.C11,A.C12",B.C21,,A.3:14,B.19:23,'((........((',')).))',0.76,1.16,-8.5,112.1,-59.4
1n66,RNA,RNA,null,1n66_0_2_2,2,2,A,A,CU,UU,"A.C5,A.U6","A.U17,A.U18",,A.3:8,A.15:20,'((..((','))..))',1.22,0.7,-13.3,-19.4,-45.5
1n8x,RNA,RNA,null,1n8x_0_1_3,1,3,A,A,G,AGG,A.G8,"A.A27,A.G28,A.G29",,A.6:10,A.25:31,'((.((','))...))',0.32,0.54,20.9,12.8,-86.0
1na2,RNA,RNA,null,1na2_0_4_4,4,4,A,A,UUUU,CUUU,"A.U7,A.U8,A.U9,A.U10","A.C20,A.U21,A.U22,A.U23",,A.5:12,A.18:25,'((....((','))....))',0.97,0.67,-79.4,15.8,-52.8
1ngu,DNA,DNA,null,1ngu_0_2_2,2,2,A,A,CC,AA,"A.DC5,A.DC6","A.DA22,A.DA23",,A.3:8,A.20:25,'((..((','))..))',1.31,1.78,-91.7,103.4,-2.2
1noq,DNA,DNA,null,1noq_0_1_1,1,1,A,B,C,C,A.DC4,B.DC104,,A.2:6,B.102:106,'((.((',')).))',1.88,1.79,-43.3,62.0,25.2
1nz1,RNA,RNA,null,1nz1_0_1_2,1,2,A,A,C,Au,A.C6,"A.A18,A.SSU19",A.SSU/19,A.4:8,A.16:21,'((.((','))..))',0.72,0.61,18.3,9.5,-70.8
1o15,RNA,RNA,null,1o15_0_1_4,1,4,A,A,A,CCUU,A.A10,"A.C21,A.C22,A.U23,A.U24",,A.8:12,A.19:26,'((.((','))....))',0.72,1.08,-49.7,16.4,-12.5
1o15,RNA,RNA,null,1o15_1_3_3,3,3,A,A,AUA,CAG,"A.A5,A.U6,A.A7","A.C27,A.A28,A.G29",,A.3:9,A.25:31,'((...((','))...))',0.67,1.08,-29.7,8.8,-31.5
1onm,DNA,DNA,null,1onm_0_1_1,1,1,A,B,A,G,A.DA6,B.DG17,,A.4:8,B.15:19,'((.((',')).))',1.45,1.3,-51.6,51.5,19.0
1oq2,DNA,DNA,null,1oq2_0_1_1,1,1,A,B,T,a,A.DT7,B.6MA18,B.6MA/18,A.5:9,B.16:20,'((.((',')).))',1.16,1.48,-34.2,52.2,3.9
1osw,RNA,RNA,null,1osw_0_1_3,1,3,A,A,G,AGG,A.G5,"A.A16,A.G17,A.G18",,A.3:7,A.14:20,'((.((','))...))',1.41,0.84,-3.4,65.0,-45.5
1ow9,RNA,RNA,null,1ow9_0_3_2,3,2,A,A,GAA,GA,"A.G5,A.A6,A.A7","A.G18,A.A19",,A.3:9,A.16:21,'((...((','))..))',0.68,0.61,-36.0,23.7,-47.0
1p5m,RNA,RNA,null,1p5m_0_1_1,1,1,A,A,G,A,A.G26,A.A35,,A.24:28,A.33:37,'((.((',')).))',0.67,0.5,-48.4,22.8,29.5
1p5n,RNA,RNA,null,1p5n_0_4_5,4,5,A,A,GAAA,UAGUA,"A.G5,A.A6,A.A7,A.A8","A.U26,A.A27,A.G28,A.U29,A.A30",,A.3:10,A.24:32,'((....((',')).....))',1.08,0.89,-92.5,41.2,-23.5
1p5o,RNA,RNA,null,1p5o_0_1_1,1,1,A,A,G,A,A.G26,A.A57,,A.24:28,A.55:59,'((.((',')).))',0.69,0.72,-46.6,21.9,14.9
1p5o,RNA,RNA,null,1p5o_2_4_5,4,5,A,A,GAAA,UAGUA,"A.G29,A.A30,A.A31,A.A32","A.U50,A.A51,A.G52,A.U53,A.A54",,A.27:34,A.48:56,'((....((',')).....))',1.0,0.72,-80.2,51.0,-31.4
1p5p,RNA,RNA,null,1p5p_0_1_1,1,1,A,A,G,A,A.G26,A.A57,,A.24:28,A.55:59,'((.((',')).))',0.69,0.7,-43.5,16.4,6.1
1p5p,RNA,RNA,null,1p5p_2_4_5,4,5,A,A,GAAA,UAGUA,"A.G29,A.A30,A.A31,A.A32","A.U50,A.A51,A.G52,A.U53,A.A54",,A.27:34,A.48:56,'((....((',')).....))',0.82,0.7,-81.0,48.4,-30.7
1q8n,RNA,RNA,null,1q8n_0_1_4,1,4,A,A,A,GUAA,A.A9,"A.G24,A.U25,A.A26,A.A27",,A.7:11,A.22:29,'((.((','))....))',0.83,2.41,-62.4,38.1,31.1
1ql5,DNA,DNA,null,1ql5_0_1_1,1,1,A,B,t,T,A.PBT6,B.DT15,"A.PBT/5,A.PBT/6",A.4:8,B.13:17,'((.((',')).))',1.45,1.44,-34.7,60.9,5.9
1r2p,RNA,RNA,null,1r2p_0_2_4,2,4,A,A,AU,ACGU,"A.A8,A.U9","A.A24,A.C25,A.G26,A.U27",,A.6:11,A.22:29,'((..((','))....))',0.91,0.86,-63.4,63.0,-36.8
1raw,RNA,RNA,null,1raw_0_11_1,11,1,A,A,GGAAGAAACUG,G,"A.G7,A.G8,A.A9,A.A10,A.G11,A.A12,A.A13,A.A14,A.C15,A.U16,A.G17",A.G30,,A.5:19,A.28:32,'((...........((',')).))',1.01,0.83,28.9,69.4,-14.0
1rfr,RNA,RNA,null,1rfr_0_3_3,3,3,A,A,UCU,UUU,"A.U6,A.C7,A.U8","A.U23,A.U24,A.U25",,A.4:10,A.21:27,'((...((','))...))',0.77,0.62,-94.5,23.2,-16.9
1s37,DNA,DNA,null,1s37_0_1_1,1,1,A,B,t,T,A.TTM6,B.DT6,A.TTM/6,A.4:8,B.4:8,'((.((',')).))',1.62,1.62,-56.6,51.8,13.6
1s9n,DNA,DNA,null,1s9n_0_2_2,2,2,A,B,CG,CG,"A.DC6,A.DG7","B.DC6,B.DG7",,A.4:9,B.4:9,'((..((','))..))',1.26,1.26,-74.1,52.4,-4.8
1s9o,DNA,DNA,null,1s9o_0_2_2,2,2,A,B,CG,CG,"A.DC6,A.DG7","B.DC6,B.DG7",,A.4:9,B.4:9,'((..((','))..))',1.29,1.29,-68.1,52.9,2.1
1s9s,RNA,RNA,null,1s9s_0_2_2,2,2,A,A,UA,CU,"A.U281,A.A282","A.C299,A.U300",,A.279:284,A.297:302,'((..((','))..))',0.57,0.8,-58.4,11.4,-16.5
1sy4,RNA,RNA,null,1sy4_0_1_2,1,2,A,A,C,AU,A.C6,"A.A18,A.U19",,A.4:8,A.16:21,'((.((','))..))',0.76,0.64,23.4,25.5,-74.7
1syz,RNA,RNA,null,1syz_0_1_2,1,2,A,A,C,AU,A.C6,"A.A18,A.U19",,A.4:8,A.16:21,'((.((','))..))',0.44,0.85,-34.4,2.9,-10.4
1tjz,RNA,RNA,null,1tjz_0_2_2,2,2,A,A,GA,CA,"A.G8,A.A9","A.C22,A.A23",,A.6:11,A.20:25,'((..((','))..))',0.66,0.78,-81.8,21.1,-0.7
1tlr,RNA,RNA,null,1tlr_0_3_2,3,2,A,A,UAA,AU,"A.U5,A.A6,A.A7","A.A18,A.U19",,A.3:9,A.16:21,'((...((','))..))',1.02,0.76,-2.9,63.5,-56.9
1tut,RNA,RNA,null,1tut_0_2_2,2,2,A,B,AA,AA,"A.A5,A.A6","B.A16,B.A17",,A.3:8,B.14:19,'((..((','))..))',1.04,1.0,-51.9,31.6,-8.8
1txs,RNA,RNA,null,1txs_0_3_3,3,3,A,A,UCU,UUU,"A.U11,A.C12,A.U13","A.U28,A.U29,A.U30",,A.9:15,A.26:32,'((...((','))...))',0.56,0.52,-56.6,2.4,-33.8
1u6n,DNA,DNA,null,1u6n_0_1_1,1,1,A,B,g,T,A.2BD6,B.DT17,A.2BD/6,A.4:8,B.15:19,'((.((',')).))',1.34,1.42,-30.7,61.0,22.0
1u6o,DNA,DNA,null,1u6o_0_1_1,1,1,A,B,a,G,A.2BU6,B.DG17,A.2BU/6,A.4:8,B.15:19,'((.((',')).))',1.36,1.07,-45.6,58.3,20.7
1u6p,Protein#RNA,Viral protein/RNA,null,1u6p_0_2_2,2,2,B,B,Ua,CU,"B.U281,B.AP7/282","B.C299,B.U300",B.AP7/282,B.279:284,B.297:302,'((..((','))..))',0.6,0.86,-17.9,11.6,-50.9
1ull,Protein#RNA,Viral protein/RNA,null,1ull_0_2_3,2,3,A,A,GA,AAA,"A.G6,A.A7","A.A28,A.A29,A.A30",,A.4:9,A.26:32,'((..((','))...))',0.94,0.97,-17.0,30.7,-23.8
1x26,DNA,DNA,null,1x26_0_3_3,3,3,A,B,CAG,CAG,"A.DC5,A.DA6,A.DG7","B.DC16,B.DA17,B.DG18",,A.3:9,B.14:20,'((...((','))...))',1.44,1.49,-74.4,61.0,-25.5
1xci,DNA,DNA,null,1xci_0_1_1,1,1,A,B,t,t,A.TTM6,B.TTM6,"A.TTM/6,B.TTM/6",A.4:8,B.4:8,'((.((',')).))',1.54,1.64,-34.0,96.3,39.3
1xhp,RNA,RNA,null,1xhp_0_1_1,1,1,A,A,A,C,A.A5,A.C28,,A.3:7,A.26:30,'((.((',')).))',0.67,0.72,-26.8,12.4,5.2
1xhp,RNA,RNA,null,1xhp_1_1_2,1,2,A,A,C,AU,A.C10,"A.A22,A.U23",,A.8:12,A.20:25,'((.((','))..))',0.55,0.67,-28.8,22.5,-10.3
1xue,DNA,DNA,null,1xue_0_3_3,3,3,A,A,GGA,GGA,"A.DG3,A.DG4,A.DA5","A.DG13,A.DG14,A.DA15",,A.1:7,A.11:17,'((...((','))...))',1.29,1.39,-102.2,55.5,-15.4
1xv0,RNA,RNA,null,1xv0_0_3_3,3,3,A,B,GGA,GAA,"A.G4,A.G5,A.A6","B.G14,B.A15,B.A16",,A.2:8,B.12:18,'((...((','))...))',0.76,0.55,-103.5,42.0,-18.4
1y9h,DNA,DNA,null,1y9h_0_1_1,1,1,A,B,G,C,A.DG6,B.DC17,A.5CM/5,A.4:8,B.15:19,'((.((',')).))',1.43,1.52,-24.2,61.5,-1.9
1yfv,RNA,RNA,null,1yfv_0_2_2,2,2,A,B,GA,GA,"A.G4,A.A5","B.G12,B.A13",,A.2:7,B.10:15,'((..((','))..))',0.65,0.65,-76.6,27.8,-5.5
1ylg,RNA,RNA,null,1ylg_0_1_2,1,2,A,A,A,GU,A.A7,"A.G24,A.U25",,A.5:9,A.22:27,'((.((','))..))',0.72,0.76,-37.7,58.0,-7.5
1ync,RNA,RNA,null,1ync_0_1_2,1,2,A,A,A,GU,A.A7,"A.G24,A.U25",,A.5:9,A.22:27,'((.((','))..))',0.95,0.71,-43.3,58.3,-5.2
1yne,RNA,RNA,null,1yne_0_1_2,1,2,A,A,A,GU,A.A7,"A.G24,A.U25",,A.5:9,A.22:27,'((.((','))..))',0.43,0.83,-44.5,29.4,-13.7
1yng,RNA,RNA,null,1yng_0_1_2,1,2,A,A,A,GU,A.A7,"A.G24,A.U25",,A.5:9,A.22:27,'((.((','))..))',0.91,0.75,-32.8,30.7,-12.2
1z31,RNA,RNA,null,1z31_0_2_3,2,3,A,A,CC,ACU,"A.C266,A.C267","A.A289,A.C290,A.U291",,A.264:269,A.287:293,'((..((','))...))',0.88,1.25,-55.1,14.8,-8.5
28sp,RNA,RNA,null,28sp_0_4_4,4,4,A,A,CAGG,AGCA,"A.C6,A.A7,A.G8,A.G9","A.A20,A.G21,A.C22,A.A23",,A.4:11,A.18:25,'((....((','))....))',0.9,1.07,-74.2,22.1,-62.5
28sr,RNA,RNA,null,28sr_0_4_4,4,4,A,A,CAGG,AGCA,"A.C6,A.A7,A.G8,A.G9","A.A20,A.G21,A.C22,A.A23",,A.4:11,A.18:25,'((....((','))....))',0.9,1.05,-81.6,24.7,-57.7
2adt,RNA,RNA,null,2adt_0_2_3,2,3,A,A,AU,UAA,"A.A6,A.U7","A.U36,A.A37,A.A38",,A.4:9,A.34:40,'((..((','))...))',1.04,0.71,-34.0,57.5,-66.5
2adt,RNA,RNA,null,2adt_1_2_3,2,3,B,B,AU,UAA,"B.A49,B.U50","B.U79,B.A80,B.A81",,B.47:52,B.77:83,'((..((','))...))',0.93,0.71,-38.3,51.0,-60.4
2aht,RNA,RNA,null,2aht_0_1_2,1,2,A,A,G,AU,A.G7,"A.A20,A.U21",,A.5:9,A.18:23,'((.((','))..))',0.8,0.59,-110.8,-7.2,46.7
2d17,RNA,RNA,null,2d17_0_3_1,3,1,A,B,AGG,G,"A.A8,A.G9,A.G10",B.G7,,A.6:12,B.5:9,'((...((',')).))',1.15,0.75,-16.9,31.8,-49.2
2d18,RNA,RNA,null,2d18_0_2_1,2,1,A,B,AA,A,"A.A5,A.A6",B.A13,,A.3:8,B.11:15,'((..((',')).))',0.95,0.73,-5.3,35.6,-39.6
2d18,RNA,RNA,null,2d18_1_1_2,1,2,A,B,A,AA,A.A13,"B.A5,B.A6",,A.11:15,B.3:8,'((.((','))..))',1.06,1.03,10.9,24.3,-47.6
2d1a,RNA,RNA,null,2d1a_0_2_1,2,1,A,B,AA,A,"A.A15,A.A16",B.A23,,A.13:18,B.21:25,'((..((',')).))',0.9,1.1,-11.9,21.7,-28.6
2d1a,RNA,RNA,null,2d1a_1_1_2,1,2,A,B,A,AA,A.A23,"B.A15,B.A16",,A.21:25,B.13:18,'((.((','))..))',0.86,0.78,-11.0,39.0,-34.3
2d1a,RNA,RNA,null,2d1a_2_1_3,1,3,A,B,G,AGG,A.G7,"B.A31,B.G32,B.G33",,A.5:9,B.29:35,'((.((','))...))',1.45,0.73,-22.1,35.5,-39.6
2d1a,RNA,RNA,null,2d1a_3_3_1,3,1,A,B,AGG,G,"A.A31,A.G32,A.G33",B.G7,,A.29:35,B.5:9,'((...((',')).))',1.43,0.75,-19.6,35.4,-41.6
2d1b,RNA,RNA,null,2d1b_0_1_3,1,3,A,A,G,AGG,A.G7,"A.A31,A.G32,A.G33",,A.5:9,A.29:35,'((.((','))...))',1.44,0.73,-17.3,35.1,-43.3
2d1b,RNA,RNA,null,2d1b_1_1_3,1,3,B,B,G,AGG,B.G7,"B.A31,B.G32,B.G33",,B.5:9,B.29:35,'((.((','))...))',1.42,0.76,-18.8,34.2,-42.2
2dd1,RNA,RNA,null,2dd1_0_3_3,3,3,A,B,GGA,GAA,"A.G4,A.G5,A.A6","B.G14,B.A15,B.A16",,A.2:8,B.12:18,'((...((','))...))',0.69,0.52,-85.8,44.0,-25.8
2dd2,RNA,RNA,null,2dd2_0_3_3,3,3,A,B,GAA,GAA,"A.G4,A.A5,A.A6","B.G14,B.A15,B.A16",,A.2:8,B.12:18,'((...((','))...))',0.88,0.54,-80.4,39.0,-34.4
2dd3,RNA,RNA,null,2dd3_0_3_3,3,3,A,B,GAA,GAA,"A.G4,A.A5,A.A6","B.G14,B.A15,B.A16",,A.2:8,B.12:18,'((...((','))...))',0.65,0.54,-109.3,41.1,-4.1
2f88,RNA,RNA,null,2f88_0_1_3,1,3,A,A,U,AAG,A.U9,"A.A24,A.A25,A.G26",,A.7:11,A.22:28,'((.((','))...))',0.59,0.82,-18.6,38.5,-19.6
2fey,RNA,RNA,null,2fey_0_2_1,2,1,A,A,UU,A,"A.U15,A.U16",A.A32,,A.13:18,A.30:34,'((..((',')).))',1.26,0.92,-44.1,33.9,4.5
2gip,RNA,RNA,null,2gip_0_2_2,2,2,A,A,UC,UU,"A.U6,A.C7","A.U22,A.U23",,A.4:9,A.20:25,'((..((','))..))',0.75,0.73,-102.4,5.3,36.3
2gm0,RNA,RNA,null,2gm0_0_2_1,2,1,A,B,AA,A,"A.A13,A.A14",B.A56,,A.11:16,B.54:58,'((..((',')).))',0.68,0.77,-39.1,29.3,-10.0
2gm0,RNA,RNA,null,2gm0_1_1_2,1,2,A,B,A,AA,A.A21,"B.A48,B.A49",,A.19:23,B.46:51,'((.((','))..))',0.68,0.78,-38.5,29.4,-10.7
2gm0,RNA,RNA,null,2gm0_2_1_3,1,3,A,B,G,AGG,A.G5,"B.A64,B.G65,B.G66",,A.3:7,B.62:68,'((.((','))...))',0.96,0.6,23.1,35.9,-54.3
2gm0,RNA,RNA,null,2gm0_3_3_1,3,1,A,B,AGG,G,"A.A29,A.G30,A.G31",B.G40,,A.27:33,B.38:42,'((...((',')).))',0.94,0.61,20.8,34.6,-50.9
2grw,RNA,RNA,null,2grw_0_1_1,1,1,A,A,C,U,A.C5,A.U18,,A.3:7,A.16:20,'((.((',')).))',1.17,0.64,72.5,-14.5,-95.8
2gv4,RNA,RNA,null,2gv4_0_1_1,1,1,A,A,U,U,A.U6,A.U17,,A.4:8,A.15:19,'((.((',')).))',0.61,0.63,-52.2,-5.0,10.5
2h49,RNA,RNA,null,2h49_0_3_3,3,3,A,B,UAA,GAA,"A.U4,A.A5,A.A6","B.G13,B.A14,B.A15",,A.2:8,B.11:17,'((...((','))...))',0.82,0.84,-84.0,31.8,-15.5
2hem,RNA,RNA,null,2hem_0_2_2,2,2,A,A,AA,GG,"A.A4,A.A5","A.G20,A.G21",,A.2:7,A.18:23,'((..((','))..))',0.96,0.67,-119.9,-24.9,39.1
2hgh,Protein#RNA,TRANSCRIPTION/RNA,null,2hgh_1_5_4,5,4,B,B,UAGUA,GAAU,"B.U24,B.A25,B.G26,B.U27,B.A28","B.G41,B.A42,B.A43,B.U44",,B.22:30,B.39:46,'((.....((','))....))',0.87,0.5,-43.0,32.3,-49.4
2hkc,DNA,DNA,null,2hkc_0_1_1,1,1,A,B,G,C,A.DG7,B.DC18,,A.5:9,B.16:20,'((.((',')).))',1.63,1.28,-29.2,36.3,17.3
2hua,RNA,RNA,null,2hua_1_1_4,1,4,A,A,A,AAAC,A.A8,"A.A30,A.A31,A.A32,A.C33",,A.6:10,A.28:35,'((.((','))....))',0.94,0.67,-27.7,49.9,-26.8
2i7e,RNA,RIBONUCLEIC ACID,null,2i7e_0_2_3,2,3,A,A,AU,UAA,"A.A6,A.U7","A.U36,A.A37,A.A38",,A.4:9,A.34:40,'((..((','))...))',1.01,0.75,-27.8,57.3,-73.2
2i7e,RNA,RIBONUCLEIC ACID,null,2i7e_1_3_4,3,4,B,B,UAU,UAAG,"B.U48,B.A49,B.U50","B.U79,B.A80,B.A81,B.G82",,B.46:52,B.77:84,'((...((','))....))',0.98,0.43,-82.1,50.7,-52.2
2i7z,RNA,RIBONUCLEIC ACID,null,2i7z_0_2_3,2,3,A,A,AU,UAA,"A.A6,A.U7","A.U36,A.A37,A.A38",,A.4:9,A.34:40,'((..((','))...))',0.96,0.74,-26.5,83.4,-61.4
2i7z,RNA,RIBONUCLEIC ACID,null,2i7z_1_2_3,2,3,B,B,AU,UAA,"B.A49,B.U50","B.U79,B.A80,B.A81",,B.47:52,B.77:83,'((..((','))...))',0.83,0.71,-32.9,75.7,-59.7
2irn,RNA,RNA,null,2irn_0_2_2,2,2,A,B,GA,GA,"A.G4,A.A5","B.G13,B.A14",,A.2:7,B.11:16,'((..((','))..))',0.89,0.86,-79.0,27.6,-1.4
2iro,RNA,RNA,null,2iro_0_4_4,4,4,A,B,GGAU,GGAU,"A.G3,A.G4,A.A5,A.U6","B.G12,B.G13,B.A14,B.U15",,A.1:8,B.10:17,'((....((','))....))',0.71,0.75,-99.4,21.3,-33.7
2jq7,Protein#RNA,RIBOSOME/ANTIBIOTIC,null,2jq7_0_2_2,2,2,B,B,UU,AU,"B.U1060,B.U1061","B.A1077,B.U1078",,B.1058:1063,B.1075:1080,'((..((','))..))',1.26,0.85,75.7,-14.7,-48.9
2jse,RNA,RNA,null,2jse_0_2_2,2,2,A,A,UG,AU,"A.U5,A.G6","A.A17,A.U18",,A.3:8,A.15:20,'((..((','))..))',0.77,0.92,-88.5,11.4,48.5
2jtp,RNA,RNA,null,2jtp_0_3_2,3,2,A,A,GAA,AA,"A.G12,A.A13,A.A14","A.A22,A.A23",,A.10:16,A.20:25,'((...((','))..))',0.64,1.58,-30.4,59.3,-23.8
2jwv,RNA,RNA,null,2jwv_0_4_3,4,3,A,A,UUGA,GGC,"A.U6,A.U7,A.G8,A.A9","A.G22,A.G23,A.C24",,A.4:11,A.20:26,'((....((','))...))',0.25,0.37,-70.3,42.2,-22.4
2jxi,Protein#DNA,"DNA BINDING PROTEIN, DNA",null,2jxi_0_1_1,1,1,C,D,C,G,C.DC11,D.DG18,,C.9:13,D.16:20,'((.((',')).))',1.53,1.35,-53.2,59.7,18.8
2jxv,RNA,RNA,null,2jxv_0_2_3,2,3,A,A,UA,AUU,"A.U9,A.A10","A.A23,A.U24,A.U25",,A.7:12,A.21:27,'((..((','))...))',0.92,0.72,-64.2,50.1,0.8
2jyf,RNA,RNA/RNA,null,2jyf_0_2_3,2,3,A,A,AU,UAA,"A.A6,A.U7","A.U36,A.A37,A.A38",,A.4:9,A.34:40,'((..((','))...))',1.17,0.82,-45.8,66.3,-41.4
2jyf,RNA,RNA/RNA,null,2jyf_1_2_3,2,3,B,B,AU,UAA,"B.A49,B.U50","B.U79,B.A80,B.A81",,B.47:52,B.77:83,'((..((','))...))',1.17,0.82,-45.8,66.3,-41.3
2jyh,RNA,RNA/RNA,null,2jyh_0_2_3,2,3,A,A,AU,UAA,"A.A6,A.U7","A.U36,A.A37,A.A38",,A.4:9,A.34:40,'((..((','))...))',0.72,0.66,-41.0,68.7,-44.7
2jyh,RNA,RNA/RNA,null,2jyh_1_2_3,2,3,B,B,AU,UAA,"B.A49,B.U50","B.U79,B.A80,B.A81",,B.47:52,B.77:83,'((..((','))...))',0.72,0.66,-41.0,68.7,-44.7
2jyj,RNA,RNA/RNA,null,2jyj_0_2_3,2,3,A,A,AU,UAA,"A.A6,A.U7","A.U36,A.A37,A.A38",,A.4:9,A.34:40,'((..((','))...))',0.88,0.73,-45.5,61.4,-44.8
2jyj,RNA,RNA/RNA,null,2jyj_1_2_3,2,3,B,B,AU,UAA,"B.A49,B.U50","B.U79,B.A80,B.A81",,B.47:52,B.77:83,'((..((','))...))',0.88,0.73,-45.5,61.4,-44.8
2k1y,DNA,DNA,null,2k1y_0_1_1,1,1,A,B,g,C,A.GNE6,B.DC6,A.GNE/6,A.4:8,B.4:8,'((.((',')).))',1.75,1.27,-52.7,54.8,26.8
2k5z,RNA,RNA,null,2k5z_0_1_1,1,1,A,A,U,C,A.U10,A.C19,,A.8:12,A.17:21,'((.((',')).))',0.96,0.95,-43.8,8.6,17.5
2k7e,RNA,RNA,null,2k7e_0_2_2,2,2,A,B,UG,AP,"A.U5,A.G6","B.A7,B.PSU8",B.PSU/8,A.3:8,B.5:10,'((..((','))..))',0.53,0.79,-55.2,27.4,-15.9
2kal,DNA,DNA,null,2kal_0_1_1,1,1,A,B,T,A,A.DT9,B.DA16,B.6MA/18,A.7:11,B.14:18,'((.((',')).))',1.17,1.0,-41.0,55.3,19.4
2kar,DNA,DNA,null,2kar_0_1_1,1,1,A,B,G,A,A.DG7,B.DA18,,A.5:9,B.16:20,'((.((',')).))',1.18,1.43,-51.2,39.6,12.5
2kas,DNA,DNA,null,2kas_0_2_2,2,2,A,B,GA,TA,"A.DG7,A.DA8","B.DT17,B.DA18",,A.5:10,B.15:20,'((..((','))..))',1.22,1.25,-83.0,61.6,26.5
2kd9,DNA,DNA,null,2kd9_0_1_1,1,1,A,B,g,C,A.63G6,B.DC6,A.63G/6,A.4:8,B.4:8,'((.((',')).))',1.47,1.25,-50.7,39.6,15.5
2kda,DNA,DNA,null,2kda_0_1_1,1,1,A,B,g,C,A.63H6,B.DC6,A.63H/6,A.4:8,B.4:8,'((.((',')).))',1.43,1.27,-58.6,32.0,16.8
2kez,RNA,RNA,null,2kez_0_1_2,1,2,A,A,C,AU,A.C6,"A.A18,A.U19",,A.4:8,A.16:21,'((.((','))..))',0.52,0.5,9.5,21.3,-42.1
2kf0,RNA,RNA,null,2kf0_0_1_2,1,2,A,A,C,AU,A.C6,"A.A18,A.U19",,A.4:8,A.16:21,'((.((','))..))',0.4,0.41,-14.1,22.6,-25.6
2khy,RNA,RNA,null,2khy_1_7_7,7,7,A,A,ACAAGUA,GAAUACA,"A.A7,A.C8,A.A9,A.A10,A.G11,A.U12,A.A13","A.G26,A.A27,A.A28,A.U29,A.A30,A.C31,A.A32",,A.5:15,A.24:34,'((.......((',')).......))',0.83,0.6,60.6,-36.0,118.0
2kuw,RNA,RNA,null,2kuw_0_1_2,1,2,A,A,A,CU,A.A12,"A.C35,A.U36",,A.10:14,A.33:38,'((.((','))..))',0.83,0.73,-72.5,25.2,23.8
2kv0,DNA,DNA,null,2kv0_0_1_1,1,1,A,B,g,T,A.2PR7,B.DT20,A.2PR/7,A.5:9,B.18:22,'((.((',')).))',1.29,1.31,-49.7,47.5,17.7
2kx8,RNA,RNA,null,2kx8_0_1_2,1,2,A,A,U,UC,A.U299,"A.U327,A.C328",,A.297:301,A.325:330,'((.((','))..))',0.49,0.38,12.4,5.4,-62.4
2kxz,RNA,RNA,null,2kxz_0_2_2,2,2,A,B,AG,AG,"A.A5,A.G6","B.A16,B.G17",,A.3:8,B.14:19,'((..((','))..))',0.51,0.46,-50.0,22.7,-1.0
2ky0,RNA,RNA,null,2ky0_0_2_2,2,2,A,B,AG,AG,"A.A5,A.G6","B.A16,B.G17",,A.3:8,B.14:19,'((..((','))..))',0.41,0.58,-64.3,26.5,15.7
2ky1,RNA,RNA,null,2ky1_0_2_2,2,2,A,B,AG,AG,"A.A5,A.G6","B.A16,B.G17",,A.3:8,B.14:19,'((..((','))..))',0.61,0.57,-62.0,21.0,11.2
2ky2,RNA,RNA,null,2ky2_0_2_2,2,2,A,B,AG,AG,"A.A4,A.G5","B.A13,B.G14",,A.2:7,B.11:16,'((..((','))..))',0.7,0.76,-41.2,31.9,10.8
2kzl,RNA,RNA,null,2kzl_0_6_3,6,3,A,A,AAAGAU,UGA,"A.A7,A.A8,A.A9,A.G10,A.A11,A.U12","A.U47,A.G48,A.A49",,A.5:14,A.45:51,'((......((','))...))',1.0,1.16,-81.3,116.9,-19.6
2kzl,RNA,RNA,null,2kzl_1_7_7,7,7,A,A,ACAAGUA,GAAUACA,"A.A17,A.C18,A.A19,A.A20,A.G21,A.U22,A.A23","A.G36,A.A37,A.A38,A.U39,A.A40,A.C41,A.A42",,A.15:25,A.34:44,'((.......((',')).......))',1.12,0.8,165.7,26.2,1.6
2l2j,RNA,RNA,null,2l2j_0_1_1,1,1,A,A,A,C,A.A5,A.C38,,A.3:7,A.36:40,'((.((',')).))',0.43,0.61,-45.0,28.0,19.5
2l2j,RNA,RNA,null,2l2j_1_1_1,1,1,A,A,A,C,A.A15,A.C28,,A.13:17,A.26:30,'((.((',')).))',0.53,0.79,-34.2,11.1,2.2
2l2k,Protein#RNA,Hydrolase/rna,null,2l2k_0_1_1,1,1,A,A,A,C,A.A5,A.C38,,A.3:7,A.36:40,'((.((',')).))',0.55,0.57,-56.0,18.2,34.5
2l2k,Protein#RNA,Hydrolase/rna,null,2l2k_1_1_1,1,1,A,A,A,C,A.A15,A.C28,,A.13:17,A.26:30,'((.((',')).))',0.51,0.42,-53.6,18.8,36.8
2l3c,Protein#RNA,Hydrolase/RNA,null,2l3c_0_1_1,1,1,B,B,G,G,B.G79,B.G104,,B.77:81,B.102:106,'((.((',')).))',0.68,0.17,-61.5,26.8,34.5
2l3j,Protein#RNA,Hydrolase/RNA,null,2l3j_0_1_1,1,1,B,B,A,C,B.A244,B.C300,,B.242:246,B.298:302,'((.((',')).))',0.58,0.55,-51.4,19.0,25.1
2l3j,Protein#RNA,Hydrolase/RNA,null,2l3j_1_1_1,1,1,B,B,A,C,B.A254,B.C290,,B.252:256,B.288:292,'((.((',')).))',0.53,0.74,-65.6,20.2,37.2
2l3j,Protein#RNA,Hydrolase/RNA,null,2l3j_2_1_1,1,1,B,B,G,G,B.G258,B.G286,,B.256:260,B.284:288,'((.((',')).))',0.69,0.33,-46.8,22.6,21.1
2l5k,DNA,DNA,null,2l5k_0_3_3,3,3,A,A,TTG,ACC,"A.DT4,A.DT5,A.DG6","A.DA18,A.DC19,A.DC20",,A.2:8,A.16:22,'((...((','))...))',1.28,1.72,-33.2,42.7,-69.2
2l5z,RNA,RNA,null,2l5z_0_3_1,3,1,A,A,CAG,A,"A.C7,A.A8,A.G9",A.A20,,A.5:11,A.18:22,'((...((',')).))',0.99,0.43,72.3,14.2,-84.5
2l8c,RNA,RNA,null,2l8c_0_1_1,1,1,A,B,U,U,A.U5,B.U14,,A.3:7,B.12:16,'((.((',')).))',0.99,1.59,-9.6,13.2,-16.2
2l8f,RNA,RNA,null,2l8f_0_4_4,4,4,A,B,AAGC,AGGA,"A.A4,A.A5,A.G6,A.C7","B.A15,B.G16,B.G17,B.A18",,A.2:9,B.13:20,'((....((','))....))',0.37,0.61,-152.5,41.0,13.4
2l8u,RNA,RNA,null,2l8u_0_1_1,1,1,A,B,U,U,A.U5,B.U14,,A.3:7,B.12:16,'((.((',')).))',1.03,0.95,-45.1,-8.9,18.8
2l8w,RNA,RNA,null,2l8w_0_1_1,1,1,A,B,U,U,A.U5,B.U14,,A.3:7,B.12:16,'((.((',')).))',0.66,0.88,-24.0,11.2,-1.7
2lc8,RNA,RNA,null,2lc8_0_1_2,1,2,A,A,A,AG,A.A8,"A.A34,A.G35",,A.6:10,A.32:37,'((.((','))..))',0.34,0.9,-104.6,-13.5,49.3
2ldl,RNA,RNA,null,2ldl_0_1_1,1,1,A,A,A,C,A.A7,A.C21,,A.5:9,A.19:23,'((.((',')).))',0.81,0.84,-90.2,15.0,57.5
2ldt,RNA,RNA,null,2ldt_0_2_3,2,3,A,A,AC,AAA,"A.A8,A.C9","A.A22,A.A23,A.A24",,A.6:11,A.20:26,'((..((','))...))',0.86,1.11,-13.6,35.6,-19.0
2ldz,RNA,RNA,null,2ldz_0_4_2,4,2,A,A,CGAG,GA,"A.C6,A.G7,A.A8,A.G9","A.G24,A.A25",,A.4:11,A.22:27,'((....((','))..))',0.89,0.99,-12.7,58.3,-48.8
2lfy,DNA,DNA,null,2lfy_0_1_1,1,1,A,B,g,A,A.2LF5,B.DA20,A.2LF/5,A.3:7,B.18:22,'((.((',')).))',1.27,1.24,-64.9,35.1,38.8
2lg3,DNA,DNA,null,2lg3_0_1_1,1,1,A,B,G,T,A.DG7,B.DT18,,A.5:9,B.16:20,'((.((',')).))',1.36,1.52,-51.3,34.4,40.0
2lgm,DNA,DNA,null,2lgm_0_1_1,1,1,1,2,A,T,1.DA6,2.DT6,,1.4:8,2.4:8,'((.((',')).))',1.25,1.16,-49.6,40.7,26.9
2lhp,RNA,RNA,null,2lhp_0_1_2,1,2,A,A,G,AA,A.G10,"A.A27,A.A28",,A.8:12,A.25:30,'((.((','))..))',1.11,1.17,35.3,29.7,-56.6
2ljj,RNA,RNA,null,2ljj_0_3_1,3,1,A,A,UCA,A,"A.U294,A.C295,A.A296",A.A312,,A.292:298,A.310:314,'((...((',')).))',1.34,1.27,-33.7,114.7,19.6
2lkr,RNA,RNA,null,2lkr_0_1_2,1,2,A,A,C,AU,A.C27,"A.A39,A.U40",,A.25:29,A.37:42,'((.((','))..))',0.78,1.1,-16.9,29.1,-19.1
2lkr,RNA,RNA,null,2lkr_1_5_6,5,6,A,A,AGAGA,AGUGUA,"A.A9,A.G10,A.A11,A.G12,A.A13","A.A97,A.G98,A.U99,A.G100,A.U101,A.A102",,A.7:15,A.95:104,'((.....((','))......))',1.2,1.08,-49.8,42.9,-97.3
2ll9,DNA,DNA,null,2ll9_0_1_1,1,1,A,B,T,T,A.DT6,B.DT17,,A.4:8,B.15:19,'((.((',')).))',1.61,1.62,-60.7,13.1,39.9
2llj,DNA,DNA,null,2llj_0_1_1,1,1,A,B,T,T,A.DT6,B.DT17,,A.4:8,B.15:19,'((.((',')).))',1.41,2.11,-36.1,18.7,32.7
2lqz,RNA,RNA,null,2lqz_0_4_1,4,1,A,A,UCCA,A,"A.U6,A.C7,A.C8,A.A9",A.A22,,A.4:11,A.20:24,'((....((',')).))',1.01,1.64,-47.0,56.0,19.8
2lsz,DNA,DNA,null,2lsz_0_1_1,1,1,B,D,g,A,B.63H6,D.DA6,B.63H/6,B.4:8,D.4:8,'((.((',')).))',1.39,1.49,-44.8,50.6,11.1
2lt0,DNA,DNA,null,2lt0_0_1_1,1,1,B,D,g,A,B.63G6,D.DA6,B.63G/6,B.4:8,D.4:8,'((.((',')).))',1.27,1.33,-47.9,51.6,12.4
2lu0,RNA,RNA,null,2lu0_0_2_3,2,3,A,A,AU,UAA,"A.A6,A.U7","A.U42,A.A43,A.A44",,A.4:9,A.40:46,'((..((','))...))',0.5,0.5,-55.4,57.5,-21.8
2lub,RNA,RNA,null,2lub_0_1_2,1,2,A,A,G,AA,A.G10,"A.A27,A.A28",,A.8:12,A.25:30,'((.((','))..))',1.0,1.25,17.7,32.1,-37.2
2lx1,RNA,RNA,null,2lx1_0_4_4,4,4,A,B,GAGU,GAGU,"A.G4,A.A5,A.G6,A.U7","B.G15,B.A16,B.G17,B.U18",,A.2:9,B.13:20,'((....((','))....))',0.51,0.55,-49.7,47.1,9.8
2lzk,DNA,DNA,null,2lzk_0_1_1,1,1,A,B,G,C,A.DG6,B.DC17,,A.4:8,B.15:19,'((.((',')).))',1.97,2.11,-41.0,26.3,67.1
2lzv,DNA,DNA,null,2lzv_0_1_1,1,1,A,B,U,U,A.DU6,B.DU6,"A.DU/6,B.DU/6",A.4:8,B.4:8,'((.((',')).))',1.22,1.22,-50.0,53.3,20.1
2lzw,DNA,DNA,null,2lzw_0_1_1,1,1,A,B,G,G,A.DG6,B.DG6,,A.4:8,B.4:8,'((.((',')).))',1.29,1.29,-44.5,43.8,25.5
2m22,RNA,RNA,null,2m22_0_1_1,1,1,A,A,A,A,A.A6,A.A18,,A.4:8,A.16:20,'((.((',')).))',0.48,0.63,-73.8,16.5,45.3
2m4w,RNA,RNA,null,2m4w_0_1_2,1,2,A,A,A,GU,A.A3,"A.G14,A.U15",,A.1:5,A.12:17,'((.((','))..))',0.69,0.49,-29.4,46.6,3.7
2m57,RNA,RNA,null,2m57_0_2_2,2,2,A,A,AG,AU,"A.A3,A.G4","A.A32,A.U33",,A.1:6,A.30:35,'((..((','))..))',0.43,0.48,-9.3,19.8,-26.5
2m57,RNA,RNA,null,2m57_1_2_4,2,4,A,A,AU,ACGU,"A.A9,A.U10","A.A24,A.C25,A.G26,A.U27",,A.7:12,A.22:29,'((..((','))....))',0.49,0.23,-87.3,47.5,25.7
2m58,RNA,RNA,null,2m58_0_3_2,3,2,A,A,AAG,AC,"A.A7,A.A8,A.G9","A.A20,A.C21",,A.5:11,A.18:23,'((...((','))..))',0.8,0.98,-41.5,35.5,-41.1
2mav,DNA,DNA,null,2mav_0_1_1,1,1,A,B,g,C,A.IQG7,B.DC18,A.IQG/7,A.5:9,B.16:20,'((.((',')).))',1.4,1.44,-3.3,25.6,-9.1
2mh6,DNA,DNA,null,2mh6_0_1_1,1,1,A,B,T,g,A.DT4,B.EDI13,B.EDI/13,A.2:6,B.11:15,'((.((',')).))',1.38,1.25,-56.5,44.4,16.0
2mis,RNA,RNA,null,2mis_0_3_1,3,1,A,A,CAG,A,"A.C7,A.A8,A.G9",A.A20,,A.5:11,A.18:22,'((...((',')).))',1.06,0.47,-97.5,-20.5,81.6
2miw,DNA,DNA,null,2miw_0_2_2,2,2,A,B,CG,CG,"A.DC5,A.DG6","B.DC17,B.DG18",,A.3:8,B.15:20,'((..((','))..))',1.95,1.57,91.1,-19.5,-88.7
2mjj,DNA,DNA,null,2mjj_0_6_6,6,6,A,B,GAGGGA,GAGGGA,"A.DG7,A.DA8,A.DG9,A.DG10,A.DG11,A.DA12","B.DG7,B.DA8,B.DG9,B.DG10,B.DG11,B.DA12",,A.5:14,B.5:14,'((......((','))......))',2.43,2.42,52.0,139.2,124.3
2mo7,DNA,DNA,null,2mo7_0_1_1,1,1,A,B,A,C,A.DA4,B.DC21,,A.2:6,B.19:23,'((.((',')).))',1.3,1.42,-59.0,42.5,24.2
2mo7,DNA,DNA,null,2mo7_1_1_1,1,1,A,B,C,A,A.DC9,B.DA16,,A.7:11,B.14:18,'((.((',')).))',1.44,1.3,-47.2,41.6,13.9
2mqt,RNA,RNA,null,2mqt_0_1_1,1,1,A,A,A,G,A.A98,A.G155,,A.96:100,A.153:157,'((.((',')).))',0.6,0.44,25.9,14.7,-60.0
2mqt,RNA,RNA,null,2mqt_1_2_2,2,2,A,A,UU,UU,"A.U116,A.U117","A.U139,A.U140",,A.114:119,A.137:142,'((..((','))..))',0.51,0.39,-0.1,4.2,-77.2
2mqt,RNA,RNA,null,2mqt_2_5_2,5,2,A,A,UCUGA,UU,"A.U107,A.C108,A.U109,A.G110,A.A111","A.U145,A.U146",,A.105:113,A.143:148,'((.....((','))..))',1.04,0.49,-15.8,45.3,-43.3
2mqv,Protein#RNA,VIRAL PROTEIN/RNA,null,2mqv_0_1_1,1,1,B,B,A,G,B.A98,B.G155,,B.96:100,B.153:157,'((.((',')).))',0.5,0.64,20.7,3.9,-51.8
2mqv,Protein#RNA,VIRAL PROTEIN/RNA,null,2mqv_1_2_2,2,2,B,B,UU,UU,"B.U116,B.U117","B.U139,B.U140",,B.114:119,B.137:142,'((..((','))..))',0.38,0.39,-74.0,-2.7,-0.6
2mqv,Protein#RNA,VIRAL PROTEIN/RNA,null,2mqv_2_5_2,5,2,B,B,UCUGA,UU,"B.U107,B.C108,B.U109,B.G110,B.A111","B.U145,B.U146",,B.105:113,B.143:148,'((.....((','))..))',0.87,0.65,124.5,39.7,-36.3
2ms5,RNA,RNA,null,2ms5_0_1_1,1,1,S,A,A,A,S.A5,A.A5,,S.3:7,A.3:7,'((.((',')).))',0.25,0.23,-47.7,5.5,15.2
2mxk,RNA,RNA,null,2mxk_0_2_2,2,2,A,B,GG,AG,"A.G10,A.G11","B.A31,B.G32",,A.8:13,B.29:34,'((..((','))..))',0.48,0.69,-77.3,26.8,29.1
2mxl,RNA,RNA,null,2mxl_0_2_2,2,2,A,A,GG,AG,"A.G10,A.G11","A.A31,A.G32",,A.8:13,A.29:34,'((..((','))..))',0.66,0.83,70.6,-5.9,-96.5
2n0q,DNA,DNA,null,2n0q_0_1_1,1,1,A,B,g,C,A.IQG4,B.DC21,A.IQG/4,A.2:6,B.19:23,'((.((',')).))',1.81,1.22,-51.9,42.5,40.5
2n1q,RNA,RNA,null,2n1q_1_1_1,1,1,A,A,A,G,A.A235,A.G283,,A.233:237,A.281:285,'((.((',')).))',0.31,0.48,-50.0,12.6,18.5
2n1q,RNA,RNA,null,2n1q_2_2_2,2,2,A,A,UC,CU,"A.U230,A.C231","A.C287,A.U288",,A.228:233,A.285:290,'((..((','))..))',0.6,0.38,-60.5,10.5,-9.2
2n1q,RNA,RNA,null,2n1q_3_1_3,1,3,A,A,G,AGG,A.G247,"A.A271,A.G272,A.G273",,A.245:249,A.269:275,'((.((','))...))',0.47,0.32,12.2,30.5,-73.2
2n1q,RNA,RNA,null,2n1q_4_2_2,2,2,A,A,GA,AA,"A.G310,A.A311","A.A326,A.A327",,A.308:313,A.324:329,'((..((','))..))',0.45,0.5,-51.9,14.0,-8.8
2n1q,RNA,RNA,null,2n1q_5_4_2,4,2,A,A,AGGA,GG,"A.A239,A.G240,A.G241,A.A242","A.G278,A.G279",,A.237:244,A.276:281,'((....((','))..))',0.43,0.58,-70.9,25.4,-27.3
2n3q,RNA,RNA,null,2n3q_0_1_2,1,2,A,A,A,UA,A.A15,"A.U24,A.A25",,A.13:17,A.22:27,'((.((','))..))',0.66,1.06,14.3,18.2,-39.4
2n3r,RNA,RNA,null,2n3r_0_1_2,1,2,A,A,A,UA,A.A15,"A.U24,A.A25",,A.13:17,A.22:27,'((.((','))..))',0.71,1.15,-4.3,8.1,-23.3
2n4m,DNA,DNA,null,2n4m_0_1_1,1,1,A,B,g,C,A.4E9/5,B.DC20,A.4E9/5,A.3:7,B.18:22,'((.((',')).))',1.46,1.51,-33.8,44.3,28.8
2n5o,DNA,DNA,null,2n5o_0_1_1,1,1,A,B,a,T,A.4EN5,B.DT14,A.4EN/5,A.3:7,B.12:16,'((.((',')).))',1.36,1.35,-49.2,42.3,16.4
2n6t,RNA,RNA,null,2n6t_0_3_2,3,2,A,A,AGA,UU,"A.A5,A.G6,A.A7","A.U37,A.U38",,A.3:9,A.35:40,'((...((','))..))',0.75,0.65,-54.7,27.7,-14.8
2n6t,RNA,RNA,null,2n6t_1_3_4,3,4,A,A,AUU,UCCU,"A.A13,A.U14,A.U15","A.U28,A.C29,A.C30,A.U31",,A.11:17,A.26:33,'((...((','))....))',0.59,0.84,-63.0,23.7,-51.3
2n6w,RNA,RNA,null,2n6w_2_3_4,3,4,A,A,AUU,UCCU,"A.A26,A.U27,A.U28","A.U41,A.C42,A.C43,A.U44",,A.24:30,A.39:46,'((...((','))....))',0.77,0.89,-36.0,28.9,-79.8
2n6x,RNA,RNA,null,2n6x_0_5_4,5,4,A,A,CGUAG,UAUA,"A.C9,A.G10,A.U11,A.A12,A.G13","A.U32,A.A33,A.U34,A.A35",,A.7:15,A.30:37,'((.....((','))....))',0.63,0.63,-81.4,79.1,-37.2
2n7m,RNA,RNA,null,2n7m_0_1_1,1,1,X,X,C,C,X.C11,X.C80,,X.9:13,X.78:82,'((.((',')).))',0.43,1.15,-51.0,-25.4,13.3
2n7m,RNA,RNA,null,2n7m_1_5_2,5,2,X,X,AGUGA,GA,"X.A28,X.G29,X.U30,X.G31,X.A32","X.G43,X.A44",,X.26:34,X.41:46,'((.....((','))..))',1.56,1.37,42.6,50.5,94.4
2n7x,RNA,RNA,null,2n7x_0_2_2,2,2,A,A,UU,CU,"A.U24,A.U25","A.C35,A.U36",,A.22:27,A.33:38,'((..((','))..))',0.92,0.78,-75.9,39.8,4.7
2n96,DNA,DNA,null,2n96_0_3_3,3,3,X,Y,TAT,ATA,"X.DT3,X.DA4,X.DT5","Y.DA12,Y.DT13,Y.DA14",,X.1:7,Y.10:16,'((...((','))...))',1.73,1.45,-92.4,37.2,32.1
2nbx,RNA,RNA,null,2nbx_1_1_2,1,2,A,A,A,GA,A.A700,"A.G723,A.A724",,A.698:702,A.721:726,'((.((','))..))',0.76,0.6,-9.3,20.3,-28.9
2nbx,RNA,RNA,null,2nbx_2_3_1,3,1,A,A,GAA,A,"A.G686,A.A687,A.A688",A.A781,,A.684:690,A.779:783,'((...((',')).))',0.78,0.63,-13.8,65.6,21.4
2nbx,RNA,RNA,null,2nbx_3_1_4,1,4,A,A,U,UUAG,A.U738,"A.U758,A.U759,A.A760,A.G761",,A.736:740,A.756:763,'((.((','))....))',0.59,0.86,-33.6,39.6,-39.5
2nby,RNA,RNA,null,2nby_1_1_2,1,2,A,A,A,GA,A.A700,"A.G723,A.A724",,A.698:702,A.721:726,'((.((','))..))',0.6,0.35,14.9,11.8,-67.2
2nbz,RNA,RNA,null,2nbz_0_1_4,1,4,A,A,U,UUAG,A.U738,"A.U758,A.U759,A.A760,A.G761",,A.736:740,A.756:763,'((.((','))....))',0.44,0.53,-54.4,47.2,-25.8
2nc0,RNA,RNA,null,2nc0_0_3_1,3,1,A,A,GAA,A,"A.G686,A.A687,A.A688",A.A781,,A.684:690,A.779:783,'((...((',')).))',0.6,0.66,-22.8,93.3,29.4
2nc1,RNA,RNA,null,2nc1_0_3_1,3,1,A,A,GAA,A,"A.G686,A.A687,A.A688",A.A781,,A.684:690,A.779:783,'((...((',')).))',0.77,0.55,-22.0,99.6,28.4
2nci,RNA,RNA,null,2nci_0_6_2,6,2,A,A,UUAAAA,UA,"A.U6,A.U7,A.A8,A.A9,A.A10,A.A11","A.U22,A.A23",,A.4:13,A.20:25,'((......((','))..))',0.45,0.56,-8.4,60.7,-49.9
2ncq,RNA,RNA,null,2ncq_0_1_1,1,1,S,A,G,G,S.G5,A.G5,,S.3:7,A.3:7,'((.((',')).))',0.44,0.53,-32.9,16.4,11.0
2ncr,RNA,RNA,null,2ncr_0_1_1,1,1,S,A,G,G,S.G5,A.G5,,S.3:7,A.3:7,'((.((',')).))',0.25,0.27,-47.0,5.3,14.4
2o32,RNA,RNA,null,2o32_0_1_1,1,1,A,A,C,A,A.C4,A.A17,"A.OMG/5,A.OMG/6,A.OMG/19",A.2:6,A.15:19,'((.((',')).))',0.87,0.99,-8.1,24.8,-28.5
2o33,RNA,RIBONUCLEIC ACID,null,2o33_0_2_2,2,2,A,A,UU,UU,"A.U4,A.U5","A.U16,A.U17",,A.2:7,A.14:19,'((..((','))..))',0.6,0.49,-79.8,14.8,13.5
2o81,RNA,RNA,null,2o81_0_2_2,2,2,A,B,GA,GA,"A.G4,A.A5","B.G4,B.A5","A.IG/3,A.IC/6,B.IG/3,B.IC/6",A.2:7,B.2:7,'((..((','))..))',0.67,0.66,-68.2,40.4,3.2
2o83,RNA,RNA,null,2o83_0_2_2,2,2,A,B,GA,GA,"A.G4,A.A5","B.G4,B.A5","A.IC/3,A.IG/6,B.IC/3,B.IG/6",A.2:7,B.2:7,'((..((','))..))',0.7,0.72,-59.2,42.9,9.3
2pcv,RNA,RNA,null,2pcv_0_6_7,6,7,A,A,CGCCAC,AUCCAGU,"A.C6,A.G7,A.C8,A.C9,A.A10,A.C11","A.A24,A.U25,A.C26,A.C27,A.A28,A.G29,A.U30",,A.4:13,A.22:32,'((......((',')).......))',0.79,0.69,-73.9,-29.3,13.7
2rpt,RNA,RNA,null,2rpt_0_1_1,1,1,A,A,C,C,A.C5,A.C16,,A.3:7,A.14:18,'((.((',')).))',0.42,0.69,-38.1,25.7,38.9
2rt8,DNA,DNA,null,2rt8_0_2_2,2,2,A,B,TT,TT,"A.DT5,A.DT6","B.DT15,B.DT16",,A.3:8,B.13:18,'((..((','))..))',1.36,1.12,-78.5,57.8,10.9
2rvo,RNA,RNA,null,2rvo_0_3_1,3,1,A,A,GAC,A,"A.G9,A.A10,A.C11",A.A26,,A.7:13,A.24:28,'((...((',')).))',0.79,0.59,19.6,30.0,-90.7
2rvp,DNA,DNA,null,2rvp_0_1_1,1,1,1,2,C,C,1.DC8,2.DC23,,1.6:10,2.21:25,'((.((',')).))',1.33,1.44,-52.3,40.4,13.0
2stt,Protein#DNA,DNA BINDING PROTEIN/DNA,null,2stt_0_1_1,1,1,B,C,C,G,B.DC7,C.DG28,,B.5:9,C.26:30,'((.((',')).))',1.03,0.89,-55.2,35.4,30.2
2stw,Protein#DNA,DNA BINDING PROTEIN/DNA,null,2stw_0_1_1,1,1,B,C,C,G,B.DC7,C.DG28,,B.5:9,C.26:30,'((.((',')).))',1.02,0.88,-65.4,38.1,37.2
2xeb,RNA,RNA,null,2xeb_0_5_2,5,2,A,B,AAUGA,GA,"A.A29,A.A30,A.U31,A.G32,A.A33","B.G43,B.A44",,A.27:35,B.41:46,'((.....((','))..))',1.24,0.96,13.3,55.8,66.5
2z2g,DNA,DNA,null,2z2g_0_1_1,1,1,A,B,G,C,A.DG4,B.DC21,,A.2:6,B.19:23,'((.((',')).))',1.17,1.33,-72.8,33.3,50.6
2z2h,DNA,DNA,null,2z2h_0_1_1,1,1,A,B,G,C,A.DG5,B.DC20,,A.3:7,B.18:22,'((.((',')).))',1.1,1.34,-60.1,24.8,14.5
5iem,RNA,TRANSCRIPTION,null,5iem_0_1_3,1,3,A,A,A,CUA,A.A11,"A.C45,A.U46,A.A47",,A.9:13,A.43:49,'((.((','))...))',0.91,0.53,-16.2,12.8,-46.5
5j1o,Protein#RNA,VIRAL PROTEIN,null,5j1o_0_4_1,4,1,B,B,AUCU,U,"B.A22,B.U23,B.C24,B.U25",B.U40,,B.20:27,B.38:42,'((....((',')).))',0.54,1.36,-40.9,39.0,2.3
5m4w,DNA,DNA,null,5m4w_0_6_6,6,6,A,B,GAGGGA,GAGGGA,"A.DG3,A.DA4,A.DG5,A.DG6,A.DG7,A.DA8","B.DG3,B.DA4,B.DG5,B.DG6,B.DG7,B.DA8",,A.1:10,B.1:10,'((......((','))......))',1.96,2.02,37.6,66.5,92.5
5uzi,DNA,DNA,null,5uzi_0_1_1,1,1,A,B,T,a,A.DT9,B.MA7/16,B.MA7/16,A.7:11,B.14:18,'((.((',')).))',1.24,1.27,-45.7,29.5,13.0
5v2r,RNA,RNA,null,5v2r_0_8_8,8,8,A,B,GAAACGGA,GAAACGGA,"A.G4,A.A5,A.A6,A.A7,A.C8,A.G9,A.G10,A.A11","B.G19,B.A20,B.A21,B.A22,B.C23,B.G24,B.G25,B.A26",,A.2:13,B.17:28,'((........((','))........))',0.49,0.43,56.6,9.7,25.4
5vh7,RNA,RNA,null,5vh7_0_1_1,1,1,A,B,A,A,A.A5,B.A26,,A.3:7,B.24:28,'((.((',')).))',0.75,1.02,-38.2,14.7,20.8
5vh7,RNA,RNA,null,5vh7_1_1_1,1,1,A,B,A,A,A.A8,B.A23,,A.6:10,B.21:25,'((.((',')).))',1.02,1.05,-53.7,13.0,39.4
5vh7,RNA,RNA,null,5vh7_2_1_1,1,1,A,B,A,A,A.A11,B.A20,,A.9:13,B.18:22,'((.((',')).))',1.05,0.56,-46.7,14.5,27.9
5vh8,RNA,RNA,null,5vh8_0_1_1,1,1,A,B,U,U,A.U5,B.U26,,A.3:7,B.24:28,'((.((',')).))',0.56,0.72,-38.4,13.3,20.1
5vh8,RNA,RNA,null,5vh8_1_1_1,1,1,A,B,U,U,A.U8,B.U23,,A.6:10,B.21:25,'((.((',')).))',0.72,0.69,-51.8,14.4,31.2
5vh8,RNA,RNA,null,5vh8_2_1_1,1,1,A,B,U,U,A.U11,B.U20,,A.9:13,B.18:22,'((.((',')).))',0.69,0.57,-37.9,25.4,17.7
