PDBID,Ligand,Metal,Solvent,Modify
103D,,,,DC
104D,,,,DC
105D,,,,DC
106D,,,,DC MCY
107D,DUO,,,DC
108D,TOT,,,DC
124D,,,,DC
132D,,,,DC
134D,,,,DC
135D,,,,DC
136D,,,,DC
139D,,,,
140D,,,,DC
141D,,,,DC
142D,,,,DC
143D,,,,
146D,CRH DDA DDL MDA,MG,,DC
148D,,,,
149D,,,,DC
156D,,,,
169D,,,,DC
170D,,,,CAR DC
171D,,,,DC
175D,,,,DC
176D,,,,APN CPN GPN TPN
177D,,,,DC
179D,,,,DC
17RA,,,,
185D,QUI,,,DC DSN MVA NCY
186D,,,,
193D,HQU,,,CPC DC DSN NCY NYB
199D,MOC,,,DC
1A1T,,ZN,,ARG TRP
1A3M,,,,
1A4D,,,,
1A4T,,,,ARG
1A51,,,,
1A60,,,,
1A66,,,,ARG DC TRP
1A6B,,ZN,,ARG DC TRP
1A6H,,,,DC
1A83,,,,DC MCY
1A84,CPT,,,DC
1A8N,,,,DC
1A8W,,,,DC
1A9G,,,,AAB DC
1A9H,,,,AAB DC
1A9I,,,,AAB DC
1A9J,,,,AAB DC
1A9L,,,,
1AC3,,,,DC TCP TSP
1AC7,,,,DC
1AC9,,,,DC LGP
1AF1,,,,DC GSR
1AFF,,,,
1AFX,,,,
1AFZ,,,,DC
1AG3,,,,DC P
1AG5,,,,DC X
1AGH,,,,DC
1AGK,,,,DC R
1AGO,,,,DC Y
1AGU,,,,DC E
1AGZ,,,,DC R
1AHD,,,,ARG DC TRP
1AJF,,NCO,,
1AJL,,,,
1AJT,,,,
1AJU,ARG,,,
1AKX,ARG,,,
1AL5,,,,
1AL9,BDA,,,DC
1AM0,AMP,,,
1AMD,BNR,,,DC
1ANR,,,,
1AO1,PL1,,,DC
1AO9,,,,DC DOP
1AP1,,,,DC GSS
1AQO,,,,
1ARJ,ARG,,,
1AT4,,,,DC
1ATO,,,,
1ATV,,,,
1ATW,,,,
1AU5,CPT,,,DC
1AU6,BPT,,,DC
1AUD,,,,ARG
1AUL,,,,DC THX
1AW4,AMP,,,DC
1AX6,AF,,,DC
1AX7,AF,,,DC
1AXL,BAP,,,DC
1AXO,BAP,,,DC
1AXP,,,,DC
1AXU,AP,,,DC
1AXV,BAP,,,DC
1B0S,AR1,,,DC
1B36,,,,
1B3P,,,,
1B4Y,,,,DC
1B5K,,,,DC EDC
1B60,,,,DC EDC
1B69,,,,ARG DC TRP
1B6X,,,,DC EDC
1B6Y,,,,DC EDC
1BAE,,,,DC MCY
1BAU,,,,
1BBX,,,,ARG DC TRP
1BCB,,,,DC
1BCE,,,,DC
1BDZ,,,,DC
1BE5,,,,DC IGU IMC
1BGZ,,,,
1BHR,,,,DC IGU
1BIV,,,,ARG
1BJ2,,,,
1BJ6,,ZN,,ARG DC TRP
1BJD,,,,DC
1BJH,,,,DC
1BN0,,,,
1BN9,,,,DC
1BP8,DDA DDL DXB MDA,MG,,DC
1BPS,BAP,,,DC
1BUB,EU,,,
1BUF,,,,DC
1BUT,,,,DC
1BVJ,,,,
1BW7,,,,DC DFT
1BWG,,,,DC
1BWT,,,,DC
1BX5,,,,ATD DC
1BYJ,GE1 GE2 GE3,,,
1BYX,,,,DC
1BZ2,,,,
1BZ3,,,,
1BZT,,,,PSU
1BZU,,,,PSU
1C0O,,NCO,,
1C0Y,AF,,,DC
1C11,,,,DC
1C2Q,,,,DC T3P
1C32,,,,
1C34,,,,
1C35,,K,,
1C38,,K,,
1C4L,,,,
1C7U,,,,ARG DC
1C95,TRP,,,5AT DC
1CFL,,,,64T DC
1CJG,,,,ARG DC
1CO0,TRP,,,ARG DC
1COC,,,,DC
1CP8,DDA DDL DRI DXA,MG,,DC
1CQ5,,,,
1CQL,,,,
1CQO,,,,DC
1CR3,BC,,,DC
1CS2,,,,DC
1CX3,NF,,,DC
1CX5,,,,DC MMT
1CYZ,AR1,,,DC
1D0T,,,,SRA
1D0U,,,,
1D18,,,,DC
1D19,,,,DC
1D20,,,,DC
1D3X,,,,DC
1D42,,,,DC
1D68,,,,DC
1D69,,,,DC
1D6D,,,,
1D6K,,,,ARG
1D70,,,,DC
1D83,1GL ARI CDR CPH ERI,MG,,DC
1DA4,CPT,,,DC
1DA5,CPT,,,DC
1DAU,,,,DC T32
1DB6,AAR,,,DC
1DDP,CPT,,,DC
1DGO,,,,DC
1DHH,,,,DC
1DJD,TBT,,,DC
1DK6,,,,DC NP3
1DK9,,,,DC
1DL4,BZA,,,DC
1DRN,,,,DC
1DRR,,,,DC
1DSA,DSA,,,DC
1DSC,,,,DC DVA MVA PXZ SAR
1DSD,,,,DC DVA MVA PXZ SAR
1DSI,DSI,,,DC
1DSM,DSA,,,DC
1DUF,,,,DC
1DXA,BAP,,,DC
1DXN,,,,DC
1DZ5,,,,ARG
1E4P,,,,
1E7J,,,,ARG DC TRP
1E95,,,,
1EBQ,,,,
1EBR,,,,
1EBS,,,,
1EC4,,,,6HC 6HG 6HT
1ECU,,,,DC
1EEG,,,,
1EEK,,,,DC DFT MBZ
1EFS,,,,
1EHT,TEP,,,
1EI2,NMY,,,
1EJZ,PDI,,,6HA 6HC 6HG 6HT
1EKA,,,,
1EKD,,,,
1EKH,1GL 2GL CPH DDA ERI,CO,,DC
1EKI,1GL 2GL CPH DDA ERI,CO,,DC
1EKW,,,,DC
1EKZ,,,,ARG
1EL2,,,,5CM DC
1ELH,,,,
1ELN,,,,5CM DC
1EMQ,,,,DC
1EN1,,,,DC
1ESH,,,,
1ESS,ESO,,,DC
1ESY,,,,
1ETF,,,,ARG TRP
1ETG,,,,ARG TRP
1EU2,,,,DC
1EU6,,,,DC
1EVM,,,,
1EVN,,,,
1EVO,,,,DC
1EW1,,,,DC
1EXL,,,,2AR DC
1EXY,,,,ARG
1EZN,,,,DC
1F3S,,,,DC
1F4S,,ZN,,ARG DC TRP
1F5E,,ZN,,ARG DC TRP
1F5G,,,,
1F5H,,,,
1F5U,,,,
1F6U,,ZN,,ARG CG1 NH2 TRP
1F6X,,,,
1F6Z,,,,
1F78,,NCO,,
1F79,,NCO,,
1F7F,,,,
1F7G,,,,
1F7H,,NCO,,
1F7I,,NCO,,
1F84,,,,
1F85,,,,
1F9L,,,,
1FC8,,,,CFL DC GFL TAF
1FEQ,,,,T6A
1FHK,,,,
1FJ5,TAX,,,DC
1FJA,,,,DC DVA MVA PXZ SAR
1FJB,,,,A38 DC
1FJE,,,,ARG
1FKY,,,,DC
1FKZ,,,,DC
1FL8,,,,PSU T6A U8U
1FMN,FMN,,,
1FNX,,,,ARG
1FQP,,,,
1FQZ,,,,
1FV7,,,,0DC 0DG 5CM
1FV8,,,,0DT DC
1FYI,,,,2AR 8OG DC
1FYO,,,,
1FYP,PAR,,,
1FYY,BAP,,,DC
1FZL,,,,3DR DC PYP
1FZS,,,,3DR DC PYP
1FZX,,,,DC
1G14,,,,DC
1G1N,PE6,,,DC
1G22,,,,DC MCY
1G3A,,,,IC IG
1G4D,,,,ARG DC TRP
1G5D,,,,DC ORP
1G5E,,,,AAB DC
1G5K,PGA,,,DC
1G5L,BLB PEO PGA,3CO,O,DC
1G70,,,,ARG
1G7Z,,,,DC
1G80,,,,DC
1GAT,,ZN,,ARG DC TRP
1GAU,,,,ARG DC TRP
1GCC,,,,ARG DC TRP
1GIP,,,,DC
1GIZ,,,,DC ORP
1GJ0,,,,AAB DC
1GJ1,PGA,,,DC
1GJ2,BLB PEO PGA,3CO,O,DC
1GN7,,,,DC GN7
1GTC,,,,DC
1GUC,,,,
1GV6,,,,ATL DC
1H0Q,,,,LCA LCC LCG LKC TLN
1HG9,,,,DC
1HHW,,,,DC TLN
1HHX,,,,DC TLN
1HJI,,,,ARG TRP
1HLX,,,,
1HM1,,,,DC FAG
1HO6,,,,CAR DC GAO UAR
1HOQ,,,,DC
1HRY,,,,ARG DC TRP
1HRZ,,,,ARG DC TRP
1HS1,,,,
1HS2,,,,
1HS3,,,,
1HS4,,,,
1HS8,,,,
1HT4,,,,3DR DC
1HT7,,,,3DR DC
1HVN,,ZN,,ARG DC
1HVO,,ZN,,ARG DC
1HWQ,,,,
1HWV,BPI,,,DC
1HX4,BPJ,,,DC
1HZ0,PIQ,,,DC
1HZ2,TME,,,DC
1I34,,,,DC
1I3X,,,,
1I3Y,,,,OMU
1I46,,,,
1I4B,,,,
1I4C,,,,
1I5V,PPZ,,,DC
1I7V,BZA,,,DC
1I9F,,,,ARG
1I9K,,,,
1IDV,,,,
1IDX,,,,DC
1IE1,,,,
1IE2,,,,
1IEK,OCT,,,DC
1IEY,OCT,,,DC
1IG4,,,,5CM ARG DC TRP
1II1,,,,DC
1IK1,,,,
1IKD,,,,
1IR5,,,,DC
1IV6,,,,ARG DC TRP
1J46,,,,ARG DC TRP
1J47,,,,ARG DC TRP
1J4W,,,,ARG DC TRP
1J4Y,,,,
1J5K,,,,ARG DC
1J5N,,,,ARG DC TRP
1J9N,,,,ACE DC HSE PGN TRP
1JDG,BPA,,,DC
1JHI,HEH,,,DC
1JJP,,,,
1JO1,DAJ,,,DC
1JO7,,,,
1JOX,,,,
1JP0,,,,
1JRV,,,,DC
1JRW,,,,DC
1JS5,,,,DC
1JS7,,,,DC
1JTJ,,,,
1JTW,,NA,,
1JU0,,,,DC
1JU1,,,,
1JU7,,,,
1JUA,,,,DC
1JUR,,,,
1JUU,,,,DC
1JVC,,,,DC
1JVE,,,,DC
1JWC,,,,
1JZC,,,,
1K1G,,,,ARG
1K1H,,,,CMR DC RMP SMP
1K1R,,,,CMR DC RMP
1K29,,,,DC M1G
1K2G,,,,
1K2J,,,,DC
1K2K,,,,DC
1K4A,,,,
1K4B,,,,
1K4X,,,,
1K5E,,,,ABR DC
1K5F,,,,ABS DC
1K5I,,,,
1K6G,,,,
1K6H,,,,
1K8J,,,,DC
1K8L,,,,C2S DC G2S T2S
1K8N,,,,C2S DC
1K8S,,,,
1K9H,,,,DC
1K9L,,,,DC
1KAJ,,,,
1KB1,,,,DC S6G
1KBD,,,,DC
1KBM,,,,DC S6G
1KIS,,,,
1KKA,,,,
1KKS,,,,
1KKV,,,,DC
1KKW,,,,DC
1KOC,ARG,,,
1KOD,CIR,,,
1KOS,,,,5MU CH
1KP7,,,,
1KPD,,,,
1KPY,,,,CH
1KPZ,,,,CH
1KQQ,,,,ARG DC TRP
1KR8,,,,DC
1KSB,CPT,,,DC
1KSE,OXI,,,5AT DC
1KVH,NCS,,,DC
1KXS,,,,DC HEU
1L0R,NGP,NA,,DC
1L1C,,,,ARG
1L1M,,,,ARG DC
1L1V,,,,DC DVA MVA PXZ SAR
1L1W,,,,
1L3M,,,,A2M DC
1LA8,,,,DC
1LAE,,,,DC P
1LAI,,,,DC
1LAQ,,,,DC DNR P
1LAS,,,,DC DNR P
1LC6,,,,
1LCC,,NA,,ARG DC
1LCD,,NA,,ARG DC
1LDZ,,,,
1LEJ,P11,,,DC
1LFU,,,,ARG DC TRP
1LMV,,,,
1LO1,,ZN,,ARG DC
1LPW,,,,PSU
1LUH,TME,,,DC
1LUU,,,,1MG 5MC OMC OMG
1LUX,,,,5MC OMC OMG
1LVJ,PMZ,,,
1LVS,,,,
1LWA,,,,DC
1M5L,,,,
1M6A,,,,DC
1M82,,,,
1ME0,,,,5GP C5P DC U5P
1ME1,,,,5GP C5P U5P
1MFJ,,,,
1MFK,,,,
1MFY,,,,
1MIS,,,,
1MK6,,,,DC X
1MKL,,,,DC X
1MNB,,,,ARG
1MNX,,,,
1MP7,NCG,,,DC
1MSE,,,,ARG DC TRP
1MSF,,,,ARG DC TRP
1MT4,,,,
1MTG,BLM PEO,3CO,,DC
1MUV,,,,
1MV1,,,,P5P
1MV2,,,,P5P
1MV6,,,,P5P
1MWG,,,,
1MXJ,BZR,,,DC
1MXK,BLM PEO,3CO,,DC
1MY9,,,,
1MYQ,,,,
1N0K,PGA,,,DC
1N0O,PGA,,,DC
1N14,,,,DC
1N17,,,,DC S6G
1N1K,,,,DC
1N1N,AFN,,,DC
1N2W,,,,8OG DC
1N37,RSD,,,DC
1N4B,,,,D00 DC
1N53,,,,
1N66,,,,
1N8C,TBC,,,DC
1N8X,,,,
1N96,,,,DC
1NA2,,,,
1NAJ,,,,DC
1NAO,,,,DC OMC OMG OMU
1NBK,GND,,,
1NBR,,,,
1NC0,,,,
1NEM,BDG BDR IDG NEB,,,
1NEV,,,,DC
1NGO,,,,DC
1NGU,,,,DC
1NK2,,,,ARG DC TRP
1NK3,,,,ARG DC TRP
1NOQ,,,,DC
1NP5,,,,DC
1NP9,,,,
1NTQ,,,,DC
1NTS,,,,5PC PDU
1NTT,,,,5PC DC PDU
1NXR,,,,DC
1NYB,,,,ARG
1NYD,,,,DC
1NZ1,,,,SSU
1NZM,LG1,K,,
1O15,TEP,,,
1O4X,,,,ARG DC TRP
1OCI,,,,DC TLB
1OKA,,,,DC
1OKF,,,,ATL DC
1OLD,ARM,,,DC
1ON5,CHD,,,5AT DC
1ONM,,,,DC
1OO7,,,,5PC DC PDU
1OPQ,,,,DC
1OQ0,,,,
1OQ2,,,,6MA DC
1OSL,,,,ARG DC
1OSR,,,,2DF DC
1OSW,,,,
1OVF,,,,DC DVA MVA PXZ SAR
1OW9,,,,
1OZ8,,,,
1P0U,,,,DC
1P3X,DC DCM PDU,,,
1P5M,,,,
1P5N,,,,
1P5O,,,,
1P5P,,,,
1P96,DDI,,,DC
1PBL,,,,OMC OMG
1PBM,,,,
1PBR,BDR CYY IDG PA1,,,
1PDT,,,,APN CPN DC GPN NH2 TPN
1PG9,1PT,,,DC
1PGC,1PT,,,DC
1PIB,,,,DC
1PIK,DAG DLF DPA MAT MTC TMR,,,DC
1PJY,,,,
1PQQ,CYE,,,DC
1PQT,,,,DC
1PYJ,,,,DC XPB
1Q2T,,,,DC MCY
1Q75,,,,
1Q8N,MGR,,,
1QBY,BZA,,,DC
1QC8,,,,
1QCH,NGM,NA,,DC
1QD3,BDG CYY IDG RIB,,,
1QDF,,,,
1QDH,,MN,,
1QDI,,,,
1QDK,,MN,,
1QE7,,,,DC
1QES,,,,
1QET,,,,
1QFQ,,,,ARG TRP
1QKG,,,,64T DC TA3
1QL5,,,,DC PBT
1QMS,CCI NBU,,,DC
1QSK,,,,DC
1QSX,HT,NA,,DC
1QWA,,,,
1QWB,,,,
1QXB,BDR,,,DC
1R2L,,,,DC DNR
1R2P,,,,
1R3X,,,,DC
1R4D,,,,0DC 0DG 8MG DC
1R4E,DDI,,,DC
1R4H,,,,
1R7W,,,,
1R7Z,,,,
1RAU,,,,
1RAW,AMP,,,
1RCS,TRP,,,ARG DC
1RDE,,,,
1RFR,,,,
1RGO,,ZN,,ARG
1RHT,,,,
1RKJ,,,,ARG
1RME,,,,DC MCY
1RMX,AIK,,,DC
1RN9,,,,DC
1RNG,,,,
1RNK,,,,
1ROQ,,,,
1RRD,,,,DC
1RRR,,,,
1RVH,,,,DC
1RVI,,,,DC
1S0T,,,,A3A DC
1S2F,,,,
1S34,,,,
1S37,,,,DC TTM
1S40,,,,ARG
1S74,,,,A3A DC
1S75,,,,A3A DC
1S88,,,,2DM DC
1S9L,,,,LCG TLN
1S9N,,,,DC
1S9O,,,,DC
1S9S,,,,
1SAA,,,,DC
1SCL,,,,
1SJK,,,,DC ORP
1SJL,,,,AAB DC
1SKP,,,,DC
1SLO,,,,
1SLP,,,,
1SLS,,,,DC
1SNH,,,,DC
1SNJ,,,,DC
1SP6,,,,DC HOL
1SS7,,,,DC
1SSJ,,,,DC HOB
1SSV,,,,DC
1SY4,,,,
1SY8,,,,DC
1SYZ,,,,
1SZY,,,,
1T28,,,,
1T2R,,,,ARG
1T2S,,,,ARG DC
1T4L,,,,ARG
1T4X,,,,
1TAN,,,,DC
1TBK,,,,
1TF3,,ZN,,ARG DC TRP
1TFN,,,,
1TJZ,,,,
1TLR,,,,
1TN9,,,,ARG DC TRP
1TNE,,,,8MG DC
1TOB,TOA TOB TOC,,,
1TQR,,,,DC
1TTD,,,,DC TTD
1TUQ,,,,DC TC1
1TUT,,,,
1TXS,,,,
1U01,,,,DC XTR
1U2A,,,,
1U3K,,,,
1U64,,,,
1U6C,,,,2BU DC
1U6N,,,,2BD DC
1U6O,,,,2BU DC
1U6P,,ZN,,AP7 ARG TRP
1UAB,,,,6MA DC
1ULL,,,,ARG TRP
1UQA,,,,DC
1UQB,,,,DC
1UQC,,,,DC
1UQD,,,,DC
1UQE,,,,DC
1UQF,,,,DC
1UQG,,,,DC
1UTS,P13,,,
1UUD,P14,,,
1UUI,P12,,,
1UUU,,,,
1VFC,,,,ARG DC TRP
1VOP,,,,
1W86,,,,DC LCC
1WAN,,,,D3 DC
1WKS,,,,
1WTB,,,,ARG
1WTS,,,,2MG MA6
1WTT,,,,2MG MA6
1WWD,,ZN,,ARG TRP
1WWE,,ZN,,ARG TRP
1WWF,,ZN,,ARG TRP
1WWG,,ZN,,ARG TRP
1X0F,,,,ARG
1X26,NAZ,,,DC
1X2O,,,,DC
1X2S,,,,DC
1X2U,,,,DC
1X2V,,,,DC
1X2X,,,,DC
1X2Y,,,,DC
1X2Z,,,,DC
1X30,,,,DC
1X6W,,,,DC TMS
1X95,XR2,,,DC
1XAV,,K,,
1XCE,,,,DC
1XCI,,,,DC TTM
1XCY,,,,DC DXD
1XCZ,,,,DC DXD
1XHP,,,,
1XRW,2PT,,,DC
1XS9,,,,ARG DC TRP
1XSG,,,,
1XSH,,,,
1XST,,NCO,,
1XSU,,NCO,,
1XUE,,,,DC
1XV0,,,,P5P
1XV6,,,,A2L C2L G2L U2L
1XWP,,,,
1XWU,,,,
1Y8D,,,,
1Y9H,BAP,,,5CM DC
1YBL,,,,DC
1YBN,,,,DC
1YBR,,,,DC
1YCT,,,,3DR DC
1YCW,,,,3DR DC
1YFV,,,,
1YG3,,,,CH
1YG4,,,,CH
1YLG,,,,
1YMO,,,,
1YN1,,,,
1YN2,,MN,,
1YNC,,,,
1YNE,,,,
1YNG,,,,
1YSV,,,,
1YUI,,ZN,,ARG DC
1YUJ,,ZN,,ARG DC
1Z2J,,,,
1Z30,,,,
1Z31,,,,
1ZBN,,,,ARG
1ZC5,,,,
1ZGW,,ZN,,ARG DC SMC TRP
1ZHU,,,,DC
1ZIF,,,,
1ZIG,,,,
1ZIH,,,,
1ZQ3,,,,ARG DC TRP
1ZYF,,,,DC
1ZYG,,,,DC
1ZYH,,,,DC
201D,,,,
202D,MNG,,,DC
203D,PSO,,,DC
204D,PSO,,,DC
207D,CRH DDA DDL MDA,MG,,DC
214D,,,,DC T41
219D,,,,DC PST
225D,,,,DC
226D,BIZ,,,DC
229D,,,,5CM DC MG1 UMP
230D,,,,
28SP,,,,
28SR,,,,
2A5P,,,,
2A5R,POH,,,
2A9L,,,,
2A9X,,,,ARG
2AD9,,,,ARG
2ADB,,,,ARG
2ADC,,,,ARG
2ADT,,,,
2AHT,,,,
2AKG,,,,
2AP0,,,,CH
2AP5,,,,CH
2AQY,,,,
2ARG,ARM,,,DC
2AU4,GTP,,,
2AWQ,,,,PSU
2AWV,,,,DC MCY
2B6G,,,,ARG TRP
2B7G,,,,
2BJ2,,,,
2BJC,,,,ARG DC
2BQ2,NIX,,,2AU DC
2C06,,,,ARG TRP
2CD1,,,,
2CD3,,,,
2CD5,,NCO,,
2CD6,,NCO,,
2CHJ,,,,LCG
2CHK,,,,LCG
2CJK,,,,ARG TRP
2D17,,,,
2D18,,,,
2D19,,,,
2D1A,,,,
2D1B,,,,
2DA8,QUI,,,DC DSN NCY
2DAU,,,,DC
2DD1,,,,P5P
2DD2,,,,P5P
2DD3,,,,P5P
2E4I,,,,BGM
2ERR,,,,ARG
2ES5,,,,
2ESE,,,,ARG TRP
2EUY,,,,
2EVY,,,,
2EXF,,ZN,,ARG DC TRP
2EZD,,,,ARG DC
2EZE,,,,ARG DC
2EZF,,,,ARG DC
2EZG,,,,ARG DC
2F1Q,,NCO,,DC
2F4X,,,,
2F87,,,,
2F88,,,,
2F8U,,,,DC
2FDT,,,,
2FEY,,,,
2FF0,,ZN,,ARG DC
2FY1,,,,ARG
2G1G,,,,T6A
2G1W,,,,
2GAT,,ZN,,ARG DC TRP
2GBH,,,,GMP PSU
2GE2,AFF,,,DC
2GIO,,,,
2GIP,,,,
2GKD,,,,ARG DC TRP
2GKU,,,,
2GLO,,,,ARG DC TRP
2GM0,,,,
2GRW,,,,
2GV3,,,,
2GV4,,,,
2GVO,,,,
2GZK,,,,ARG DC TRP
2H3A,,,,ARG DC TRP
2H3C,,,,ARG DC TRP
2H49,,,,
2HDC,,,,ARG DC TRP
2HEM,,,,
2HGH,,ZN,,ARG TRP
2HK4,,,,DC
2HKB,,,,DC
2HKC,GIQ,,,DC
2HLI,,,,DC KAG
2HMD,,,,2EG DC
2HMR,,,,2EG DC
2HNS,,,,
2HOU,,,,DC X4A
2HPX,,,,DC X4A
2HSK,,,,DC ORP
2HSL,,,,DC ORP
2HSR,,,,AAB DC
2HSS,,,,AAB DC
2HUA,,,,
2HY9,,,,
2I2Y,,,,ARG TRP
2I7E,,NCO,,
2I7Z,,MN,,
2ICZ,,,,DC XAE XCS XGA XTY
2IDN,,,,
2IHX,,ZN,,ARG
2IRN,,,,
2IRO,,,,
2IXY,,,,
2IXZ,,,,
2JP9,,ZN,,ARG DC TRP
2JPA,,ZN,,ARG DC TRP
2JPP,,,,ARG
2JPZ,,,,
2JQ7,,,,ARG BB9 DBU DCY DHA MH6 NH2 QUA TS9
2JR4,,,,
2JRG,,,,6MZ CM0
2JRQ,,,,CM0
2JSE,,,,
2JSG,,,,6MZ
2JSK,,,,BGM
2JSL,,,,
2JSM,,,,
2JSQ,,,,BGM
2JT7,DMY,,,
2JTP,,,,
2JUK,G0B,,,
2JWQ,MM0,,,
2JWV,,,,
2JX1,,,,ARG DC
2JXI,,,,ARG DC TRP
2JXQ,,,,
2JXS,,,,
2JXV,,,,
2JYF,,,,
2JYH,,,,
2JYJ,,,,
2JYK,,,,DC
2JYM,,,,
2JZW,,ZN,,ARG DC TRP
2K0T,1PT,,,DC
2K0U,1PT,,,DC
2K0V,,,,DC
2K1N,,,,ARG DC
2K1Y,,,,DC GNE
2K3Z,,,,
2K41,,,,
2K4L,PZD,,,DC
2K5Z,,,,
2K65,,,,
2K66,,,,
2K67,,,,D33
2K68,,,,D33
2K69,,,,D33
2K71,,,,DC
2K7E,,,,PSU SUR
2K7F,,,,ARG DC
2K8T,HNB,,,DC
2K8U,HNB,,,DC
2K8Z,,,,DC
2K90,,,,DC
2K95,,,,
2K96,,,,
2K97,,,,DC
2KAE,,ZN,,ARG DC TRP
2KAL,,,,6MA DC
2KAR,HND,,,DC
2KAS,HND,,,DC
2KAZ,,K,,DC
2KBD,,,,DC
2KBP,,,,
2KD4,PRL,,,
2KD8,,,,
2KD9,,,,63G DC
2KDA,,,,63H DC
2KDQ,,,,ARG DPR
2KDZ,,,,ARG DC TRP
2KE6,,,,
2KE8,,AG,,D33
2KEI,,,,ARG DC
2KEJ,,,,ARG DC
2KEK,,,,ARG DC
2KEZ,,,,
2KF0,,,,
2KF7,,,,BGM
2KF8,,,,
2KFY,,,,ARG TRP
2KG0,,,,ARG
2KG1,,,,ARG
2KGP,MIX,,,
2KH0,HNF,,,3DR DC
2KH1,HNF,,,3DR DC
2KH3,,,,DC FAG
2KH4,,,,DC FAG
2KH5,,,,CTG DC
2KH6,,,,CTG DC
2KH7,,,,CTG DC
2KH8,,,,CTG DC
2KH9,,,,ARG TRP
2KHY,,,,
2KK5,AQC,,,2AU DC
2KKA,,,,
2KKF,,ZN,,ARG DC TRP
2KKK,,,,DC MCY
2KM3,,,,DC
2KM8,,,,ARG TRP
2KMJ,,,,DAR NH2 ZUK
2KMK,,ZN,,ARG DC
2KN7,,,,ARG DC
2KNK,TME,,,DC
2KNL,TME,,,DC
2KO0,,ZN,,ARG DC TRP
2KOC,,,,
2KOW,,,,
2KP3,,,,A5O CAR GAO UAR
2KP4,,,,A5L CFL GFL TAF
2KPC,,,,
2KPD,,,,
2KPR,,,,
2KPV,,,,
2KQG,,K,,DC
2KQH,,K,,DC
2KRP,,,,
2KRQ,,,,
2KRV,,,,RSP
2KRW,,,,RSP
2KRY,,,,PSU RSQ
2KRZ,,,,PSU
2KTP,,,,DC GNE
2KTT,PBH,,,DC
2KTZ,ISH,,,
2KU0,ISI,,,
2KUR,,,,
2KUU,,,,
2KUV,,,,
2KUW,,,,
2KUZ,,,,DC
2KV0,,,,2PR DC
2KV6,,,,0AD DC TRP
2KVN,,,,
2KVY,KVY,,,
2KWG,,,,A2M AF2 CFZ GF2 OMC OMG OMU UFT
2KX5,,,,ARG DPR
2KX8,ARG,,,
2KXM,RIO,,,
2KXN,,,,ARG
2KXZ,,,,
2KY0,,,,
2KY1,,,,
2KY2,,,,
2KY7,HY2,,,DC
2KY8,,MN,,5CM ARG DC TED TRP
2KYD,,,,
2KYE,,,,PSU
2KYO,,,,DC
2KYP,,,,DC
2KZD,,,,DC
2KZE,,,,DC
2KZL,,,,
2L13,,,,K12
2L1F,,,,
2L1G,,ZN,,ARG DC TRP
2L1V,PRF,,,
2L2J,,,,
2L2K,,,,ARG
2L2U,,,,3DR DC
2L2V,,,,3DR DC
2L3C,,,,ARG
2L3E,,,,
2L3J,,,,ARG
2L41,,,,ARG
2L45,,ZN,,ARG DC TRP
2L46,,ZN,,ARG DC TRP
2L4L,,ZN,,ARG DC TRP
2L5D,,,,ARG TRP
2L5K,,,,DC N68
2L5Z,,,,
2L6I,,,,
2L7D,,,,DC
2L7V,QUL,K,,
2L88,,,,DC
2L8C,,,,
2L8F,,,,
2L8H,ARG L8H,,,
2L8I,,,,2L8 DC
2L8P,,,,DC L8P
2L8Q,,,,DC
2L8U,,,,
2L8W,,,,
2L94,L94,,,
2L9E,,,,12A 70U
2LA5,,,,ARG
2LA9,,,,PSU
2LAC,,,,
2LAR,,,,BGR DC
2LB4,,,,BGR DC
2LBI,HND,,,DC
2LBJ,,,,
2LBK,,,,
2LBL,,,,
2LBQ,,,,6IA
2LBR,,,,6IA PSU
2LBS,,,,ARG
2LBY,,,,
2LC8,,,,
2LD5,,,,ARG DC TRP
2LD8,,,,
2LDL,,,,
2LDT,,,,
2LDZ,,,,
2LE6,,,,
2LEB,,,,ARG
2LEC,,,,ARG
2LED,,,,DC
2LEE,,,,DC
2LEF,,,,ARG DC TRP
2LEX,,ZN,,ARG DC TRP
2LFA,,,,2LF DC
2LFX,,,,2LF DC
2LFY,,,,2LF DC
2LG0,,,,02I DC
2LG2,2LE,,,DC
2LG3,HND,,,DC
2LGM,A4A,,,DC
2LHO,,,,DC LHO MM7
2LHP,,,,
2LI4,,,,
2LI8,,ZN,,ARG
2LIA,,,,2LA DC
2LIB,,,,A3A DC
2LJJ,,,,
2LK3,,,,
2LK7,,,,
2LKR,,,,
2LKX,,,,ARG DC TRP
2LL9,,,,DC
2LLJ,LLJ,,,DC
2LO5,,,,DC
2LO8,,,,DC
2LOA,C4Q,ZN,,DC
2LOD,,,,DC
2LP9,,,,
2LPA,,,,
2LPS,,,,
2LPT,,,,
2LPW,,,,
2LQZ,,,,
2LSC,,,,A5O CFL GFL UAR
2LSF,,,,02I DC
2LSX,,,,DC
2LSZ,,,,63H DC
2LT0,,,,63G DC
2LT7,,ZN,,ARG DC TRP
2LTT,,,,ARG TRP
2LU0,,,,
2LUB,,,,
2LUJ,,,,IGU
2LUN,,,,
2LUP,,,,ARG
2LV0,,,,
2LVY,,,,UPV
2LWG,,,,DC
2LWH,NT,,,DC
2LWK,0EC,,,
2LWM,,,,DC LWM
2LWN,,,,DC LWM
2LWO,,,,DC LWM
2LX1,,,,
2LXQ,,,,
2LXV,,,,
2LYG,1CF,,,
2LZK,14L,,,DC
2LZV,HP6,,,DC
2LZW,HP6,,,DC
2M11,,,,D3N DC
2M12,,,,
2M18,,,,
2M1G,,,,GFL
2M1O,,,,
2M1V,,,,DC
2M21,,,,
2M22,,,,
2M23,,,,
2M24,,,,
2M27,,,,DC
2M2C,,,,DC
2M2W,DGT,MG,,ARG DC DOC TRP
2M39,,,,A44 C5L G48 T39
2M3P,,,,8OG DC ORP
2M3Y,,,,8OG AAB DC
2M40,,,,3DR 8OG DC
2M43,,,,8OG DC ORP
2M44,,,,8OG AAB DC
2M4P,,,,
2M4Q,AM2,,,
2M4W,,,,
2M53,,,,DC LCG
2M54,,AG,,D33
2M57,,,,
2M58,,,,GTP
2M5U,,,,
2M6V,,,,
2M6W,,,,
2M84,,,,AF2 CFL CFZ GF2 GFL TAF
2M8A,,,,AF2 CFL CFZ GF2 TAF UFT
2M8D,,,,ARG TRP
2M8K,,,,
2M8Y,,,,DC
2M8Z,,,,DC
2M90,,,,DC
2M91,,,,DC
2M92,,,,DC
2M93,,,,DC
2MAP,,,,ARG DC TRP
2MAV,,,,DC IQG
2MAY,,,,LCG
2MB0,,,,ARG
2MB2,,,,
2MB3,L2H,,,
2MB4,,,,
2MBJ,,,,BGM
2MCC,RUL,,,
2MCI,,,,DC
2MCJ,,,,DC N4S
2MCO,2FJ,NA,,
2ME6,,,,ARG DC TRP
2MEQ,,,,
2MER,,,,PSU
2MF0,,,,ARG
2MF1,,,,ARG
2MF8,,ZN,,ARG DC
2MFC,,,,ARG
2MFD,,,,
2MFE,,,,ARG
2MFF,,,,ARG
2MFG,,,,ARG
2MFH,,,,ARG
2MFT,,,,
2MFU,,,,
2MG8,XR2,,,DC
2MGN,PQ3,,,
2MGZ,,,,ARG
2MH6,,,,DC EDI
2MHI,,,,
2MHX,,,,DC RBD
2MHZ,,,,DC SDE
2MI0,,,,
2MIS,,MG,,
2MIV,2QL,,,DC
2MIW,2QL,,,DC
2MIY,PRF,,,
2MJH,,,,ARG TRP
2MJJ,,,,DC
2MJX,,,,DC
2MKI,,,,ARG TRP
2MKK,,,,ARG TRP
2MKM,,,,
2MKN,,ZN,,ARG
2MKO,,K,,
2MMF,,,,DC FAG
2MMQ,,,,DC FAG
2MMR,,,,DC FAG
2MMS,,,,7GU DC FAG
2MN0,,,,H2U
2MNA,,,,ARG TRP
2MNB,,,,DC
2MNC,,,,
2MND,3BF,,,DC
2MNE,3B5,,,DC
2MNF,,,,DC
2MNX,,,,6HB DC
2MO2,,,,5OC DC
2MO7,,,,DC
2MOE,,,,5CM ARG DC TRP
2MQO,,,,ARG
2MQP,,,,ARG TRP
2MQQ,,,,ARG TRP
2MQT,,,,
2MQV,,ZN,,ARG TRP
2MRU,,,,ARG DC TRP
2MRZ,,,,DC
2MS0,,ZN,,ARG TRP
2MS1,,ZN,,ARG TRP
2MS5,,,,
2MS6,QUE,,,
2MS9,,,,
2MTJ,,,,
2MTK,,MG,,
2MTV,,,,6MZ ARG TRP
2MVS,,,,6MZ
2MVY,,,,
2MWZ,,,,3ZO 8OG
2MXF,,,,ARG DC TRP
2MXJ,,,,
2MXK,,,,
2MXL,,,,
2MXS,PAR,,,
2MXY,,,,ARG
2MZ1,,,,ARG
2N0J,RIO,,,
2N0Q,,,,DC IQG
2N0R,,,,
2N1Q,,,,
2N21,,,,ARG TRP
2N2D,,,,BGM DC
2N2O,,,,
2N2P,,,,
2N3M,,,,
2N3O,,,,ARG
2N3Q,,,,
2N3R,,MG,,
2N4J,,,,8XA 8XC 8XG 8XU
2N4L,,,,
2N4M,,,,4E9 DC
2N4Y,,,,DC
2N5O,,,,4EN DC
2N5P,,,,DC
2N60,,,,
2N6C,QUE,,,
2N6S,,,,
2N6T,,,,
2N6W,,,,
2N6X,,,,
2N7C,,,,ARG
2N7M,,,,
2N7X,,,,
2N82,,,,ARG
2N89,,,,CFL DC
2N8A,,ZN,,ARG DC TRP
2N8L,,,,ARG
2N8M,,,,ARG
2N8V,,,,
2N96,4JF,,,DC
2N9F,,,,4JA DC
2N9H,,,,4JA DC
2N9Q,,K,,AZW
2NBJ,,,,ARG DC TRP
2NBX,,,,
2NBY,,,,
2NBZ,,,,
2NC0,,,,
2NC1,,,,
2NCI,,,,
2NCQ,,,,
2NCR,,,,
2NEO,NCS,,,DC PGE
2NPW,CPT,,,DC
2NQ0,CPT,,,DC
2NQ1,,,,DC
2NQ4,,,,DC
2O32,,,,OMG PSU
2O33,,,,
2O3M,,,,DC
2O4Y,,,,DC NCX
2O7W,,,,DC ORP
2O7X,,,,AAB DC
2O7Y,,,,DC ORP
2O7Z,,,,AAB DC
2O80,,,,DC ORP
2O81,,,,IC IG
2O82,,,,AAB DC
2O83,,,,IC IG
2O8K,,,,ARG DC
2O9L,,,,ARG DC
2OEH,,,,ARG DC TRP
2OEY,S2A,,,DC
2OJ7,,,,
2OJ8,,,,
2OOM,,,,10C LCA
2P7C,,,,ARG DC TRP
2P89,,,,
2PCV,,,,
2PCW,,,,
2PIK,DAG DSR EMP HIB MRP MTC,,,DC
2PN9,,,,10C LCA
2QH2,,,,
2QH3,,,,
2QH4,,,,
2RLU,,,,
2RMQ,,,,C4S S4A S4G T49
2RN1,,,,
2RO2,,,,
2ROU,BPJ,,,DC
2RP0,,,,CH
2RP1,,,,CH
2RPD,,,,DC
2RPE,,,,DC
2RPF,,,,DC
2RPH,,,,DC
2RPK,,,,
2RPT,,,,
2RQC,,,,ARG
2RQJ,,,,
2RRA,,,,ARG
2RRC,,,,AP7
2RRQ,,,,DC JDT
2RRR,,,,DC
2RS2,,,,ARG TRP
2RSK,,,,TRP
2RT8,,HG,,DC
2RU3,,,,ARG
2RU7,,,,TRP
2RVO,,,,
2RVP,,AG,,DC
2STT,,,,ARG DC TRP
2STW,,,,ARG DC TRP
2TOB,2TB TOA TOC,,,
2TPK,,,,
2U2A,,,,
2V3L,R6G,,,DC
2VAH,,,,DC
2VAI,,,,DC
2WCC,,,,ARG DC
2WCN,,,,LCG
2XC7,,,,ARG
2XEB,,,,
2XFM,,,,ARG OMU TRP
2Y95,,,,
2YH1,,,,ARG
2Z2G,GIQ,,,DC
2Z2H,GIQ,,,DC
2Z33,,,,ARG DC TRP
3GAT,,ZN,,ARG DC TRP
3KBD,,,,DC
3PHP,,,,
3REC,,,,
484D,,,,ARG TRP
4A4R,,,,GMP
4A4S,,,,
4A4T,,,,
4A4U,,,,
4B8T,,,,ARG
4BS2,,,,ARG TRP
4BY9,,,,ARG TRP
4BZT,XR2,,,DC
4BZU,XR2,,,DC
4BZV,XR2,,,DC
4CH1,,,,ARG DC
4CIO,,,,ARG
4GAT,,ZN,,ARG DC TRP
4KBD,,,,DC
5A17,,,,
5A18,,,,
5B7J,,,,ARG DC TRP
5B81,,,,DC
5GAT,,ZN,,ARG DC TRP
5GWL,,NA,,DC
5GWQ,,NA,,
5HQF,,,,63T 8OG DC
5HQQ,,,,63T 8OG DC
5I2V,,K,,DC
5IEM,,,,
5IV1,,,,8OG DC
5IZP,,,,8OG DC
5J05,,,,
5J0M,,,,ARG DPR
5J1O,,,,ARG DPR
5J2W,,,,ARG DPR
5J3F,,,,DC GS
5J3G,,,,DC
5J3I,,,,DC GS
5J4P,,,,
5J4W,,,,
5J6U,,,,
5KGV,,,,DC
5KH8,,,,
5KI4,,,,DC
5KI5,,,,DC
5KI7,,,,DC
5KIB,,,,DC
5KIE,,,,DC
5KIF,,,,DC
5KIH,,,,DC
5KMZ,,,,
5KQE,,,,
5L06,,,,5CM DC
5L2G,,,,5CM DC
5LIG,6XM,,,
5LWJ,GTP,,,AP7
5M1L,,,,DC
5M1W,,,,
5M2L,,,,DC
5M4W,,,,DC
5MBR,,,,GF2
5MCR,,,,DC GF0 GF2
5MJX,,,,TAF
5MPG,,,,ARG TRP
5MPL,,,,ARG
5MVB,AUZ,K,,
5NIP,,,,8YN DC
5TGG,,,,A2M
5TRN,,,,5CM 8OG DC
5U9B,,ZN,,ARG TRP
5UF3,,,,
5UZ1,,,,5CM 8OG DC
5UZ2,,,,5CM 8OG DC
5UZ3,,,,5CM 8OG DC
5UZD,,,,DC
5UZF,,,,DC
5UZI,,,,DC MA7
5UZT,,,,
5UZZ,,,,ARG DPR
5V16,,,,
5V17,,,,
5V2R,,,,
5VH7,,,,
5VH8,,,,
5WQ1,,,,
6GAT,,ZN,,ARG DC TRP
7GAT,,ZN,,ARG DC TRP
8DRH,,,,DC
8PSH,,,,AS GS PST SC
